first_name,last_name,email,city,state,country
Gibbie,Luckwell,gluckwell0@hhs.gov,Shawnee Mission,Kansas,United States
Benton,Stark,bstark1@storify.com,San Diego,California,United States
Bren,Monkman,bmonkman2@t-online.de,Arlington,Texas,United States
Lynde,Assur,lassur3@who.int,Charlottesville,Virginia,United States
Janka,Huey,jhuey4@arstechnica.com,Grand Rapids,Michigan,United States
Joeann,Kyneton,jkyneton5@boston.com,Escondido,California,United States
Tyrone,Surgood,tsurgood6@earthlink.net,Colorado Springs,Colorado,United States
Ashbey,Woolhouse,awoolhouse7@vistaprint.com,Wilmington,North Carolina,United States
Zacharie,Teacy,zteacy8@yahoo.com,Fresno,California,United States
Joya,Petts,jpetts9@plala.or.jp,Sacramento,California,United States
Tristan,Summerfield,tsummerfielda@alexa.com,Greeley,Colorado,United States
Dacia,Bedell,dbedellb@bbc.co.uk,Providence,Rhode Island,United States
Enid,Windus,ewindusc@google.co.uk,Idaho Falls,Idaho,United States
Dorice,Eakin,deakind@java.com,Omaha,Nebraska,United States
Candra,Trownson,ctrownsone@ftc.gov,Richmond,Virginia,United States
Consolata,Graben,cgrabenf@usda.gov,San Diego,California,United States
Kipp,Murrthum,kmurrthumg@bbb.org,Salt Lake City,Utah,United States
Shepperd,Grindle,sgrindleh@wiley.com,Orlando,Florida,United States
Mal,Broschek,mbroscheki@instagram.com,Sterling,Virginia,United States
Whitman,Caddan,wcaddanj@who.int,Los Angeles,California,United States
Dennison,Kleinbaum,dkleinbaumk@angelfire.com,Carol Stream,Illinois,United States
Barney,Cannavan,bcannavanl@pcworld.com,Northridge,California,United States
Janine,Ricket,jricketm@so-net.ne.jp,Los Angeles,California,United States
Barby,Londesborough,blondesboroughn@ow.ly,Vancouver,Washington,United States
Kizzee,Doran,kdorano@bizjournals.com,Oklahoma City,Oklahoma,United States
Ulrikaumeko,Letts,ulettsp@ft.com,Miami,Florida,United States
Grannie,Rickardsson,grickardssonq@sfgate.com,Nashville,Tennessee,United States
Phedra,Hartropp,phartroppr@soup.io,Dallas,Texas,United States
Zacharia,Onn,zonns@ca.gov,Worcester,Massachusetts,United States
Cathy,Dowdle,cdowdlet@ft.com,Portland,Oregon,United States
Heidi,Costen,hcostenu@ucla.edu,Pasadena,California,United States
Arnaldo,Klosges,aklosgesv@cargocollective.com,Peoria,Illinois,United States
Nanny,O'Donnell,nodonnellw@tumblr.com,Sacramento,California,United States
Ashley,Mayger,amaygerx@youku.com,Evansville,Indiana,United States
Petronille,Baigent,pbaigenty@hexun.com,New Orleans,Louisiana,United States
Lynnett,Cossom,lcossomz@newyorker.com,Jacksonville,Florida,United States
Keri,Loutheane,kloutheane10@engadget.com,Tampa,Florida,United States
Maurene,Heinl,mheinl11@nyu.edu,Detroit,Michigan,United States
Ange,Thorington,athorington12@state.gov,Sacramento,California,United States
Tan,Boud,tboud13@engadget.com,San Bernardino,California,United States
Ysabel,Rzehor,yrzehor14@meetup.com,Pittsburgh,Pennsylvania,United States
Elvera,Toombs,etoombs15@yahoo.co.jp,Washington,District of Columbia,United States
Judi,Cotesford,jcotesford16@miitbeian.gov.cn,El Paso,Texas,United States
Whitney,Crozier,wcrozier17@cyberchimps.com,Helena,Montana,United States
Lishe,Willoughey,lwilloughey18@free.fr,Washington,District of Columbia,United States
Jeanna,Gierek,jgierek19@uol.com.br,Miami,Florida,United States
Melisse,Dran,mdran1a@comcast.net,Orlando,Florida,United States
Wolfie,McCallister,wmccallister1b@mediafire.com,Springfield,Illinois,United States
Codi,Lanigan,clanigan1c@pen.io,Springfield,Missouri,United States
Thomasin,Jeannin,tjeannin1d@newyorker.com,Seattle,Washington,United States
Sosanna,Farrall,sfarrall1e@shinystat.com,New Orleans,Louisiana,United States
Miof mela,Iveans,miveans1f@unc.edu,El Paso,Texas,United States
York,Rainey,yrainey1g@digg.com,Glendale,California,United States
Ashla,Felder,afelder1h@utexas.edu,Montgomery,Alabama,United States
Arri,Kynder,akynder1i@indiegogo.com,Springfield,Ohio,United States
Gui,Curgenven,gcurgenven1j@thetimes.co.uk,Minneapolis,Minnesota,United States
Sam,Andrez,sandrez1k@storify.com,Chicago,Illinois,United States
Karoly,Jackalin,kjackalin1l@abc.net.au,Oklahoma City,Oklahoma,United States
Ignazio,Toulamain,itoulamain1m@globo.com,Las Vegas,Nevada,United States
Laurene,Cluderay,lcluderay1n@xrea.com,Macon,Georgia,United States
Jeanna,Ferns,jferns1o@marriott.com,Las Vegas,Nevada,United States
Alric,Melendez,amelendez1p@chicagotribune.com,Santa Ana,California,United States
Phillipp,Hughes,phughes1q@microsoft.com,Charlotte,North Carolina,United States
Linnea,Wakes,lwakes1r@issuu.com,North Hollywood,California,United States
Clyve,Dominichetti,cdominichetti1s@dailymail.co.uk,Honolulu,Hawaii,United States
Dom,Guinane,dguinane1t@devhub.com,New York City,New York,United States
Alvie,Perton,aperton1u@illinois.edu,Hicksville,New York,United States
Cristian,Shipperbottom,cshipperbottom1v@wp.com,Jacksonville,Florida,United States
Kellia,Kettles,kkettles1w@so-net.ne.jp,Fort Worth,Texas,United States
Johannah,Virgoe,jvirgoe1x@scientificamerican.com,San Diego,California,United States
Demetris,Beardsell,dbeardsell1y@wikimedia.org,Fort Worth,Texas,United States
Janice,Flute,jflute1z@freewebs.com,Albuquerque,New Mexico,United States
Dud,Chatainier,dchatainier20@ibm.com,Jacksonville,Florida,United States
Maxi,Stringman,mstringman21@youku.com,Brooklyn,New York,United States
Martha,McGilleghole,mmcgilleghole22@t.co,Boca Raton,Florida,United States
Augusta,Lockhead,alockhead23@oakley.com,Amarillo,Texas,United States
Mayer,Bertson,mbertson24@intel.com,Dallas,Texas,United States
Mathilde,Kerrigan,mkerrigan25@independent.co.uk,Dayton,Ohio,United States
Glynis,Pero,gpero26@apache.org,Phoenix,Arizona,United States
Sven,Ellerbeck,sellerbeck27@taobao.com,Grand Rapids,Michigan,United States
Lucienne,Dovidian,ldovidian28@merriam-webster.com,Fresno,California,United States
Gav,Kimbell,gkimbell29@freewebs.com,Seattle,Washington,United States
Trey,Naper,tnaper2a@technorati.com,Minneapolis,Minnesota,United States
Cristobal,Roblett,croblett2b@arstechnica.com,Newark,New Jersey,United States
Bordy,Effaunt,beffaunt2c@cornell.edu,Tulsa,Oklahoma,United States
Verina,Bille,vbille2d@com.com,Birmingham,Alabama,United States
Jennifer,Brockman,jbrockman2e@samsung.com,Roanoke,Virginia,United States
Heddie,De Cruz,hdecruz2f@disqus.com,Milwaukee,Wisconsin,United States
Trescha,Colloby,tcolloby2g@etsy.com,Albany,New York,United States
Teodorico,Garken,tgarken2h@hatena.ne.jp,Macon,Georgia,United States
Sherry,Scarse,sscarse2i@adobe.com,Atlanta,Georgia,United States
Althea,Witcombe,awitcombe2j@unicef.org,Panama City,Florida,United States
Milton,Wrigley,mwrigley2k@xrea.com,Lincoln,Nebraska,United States
Bogart,Shayler,bshayler2l@cafepress.com,Long Beach,California,United States
Tootsie,Pude,tpude2m@shutterfly.com,Norwalk,Connecticut,United States
Kevina,Worsnop,kworsnop2n@google.de,Virginia Beach,Virginia,United States
Xenia,Emby,xemby2o@bloomberg.com,Winter Haven,Florida,United States
Sabina,Margaret,smargaret2p@accuweather.com,Inglewood,California,United States
Aurel,Gillon,agillon2q@alexa.com,Denver,Colorado,United States
Imogene,Mayell,imayell2r@ocn.ne.jp,Amarillo,Texas,United States
Aila,Manclark,amanclark2s@newsvine.com,South Bend,Indiana,United States
Cindie,Blackah,cblackah2t@prweb.com,Oxnard,California,United States
Magdalena,Kenlin,mkenlin2u@rediff.com,Orlando,Florida,United States
Nicol,Fosdyke,nfosdyke2v@hubpages.com,Syracuse,New York,United States
Elise,Kyncl,ekyncl2w@github.io,Topeka,Kansas,United States
Bridgette,Silberschatz,bsilberschatz2x@themeforest.net,Minneapolis,Minnesota,United States
Agace,Stobart,astobart2y@bing.com,Cincinnati,Ohio,United States
Brian,Shall,bshall2z@jugem.jp,Miami,Florida,United States
Jacquelyn,Gippes,jgippes30@sakura.ne.jp,Fargo,North Dakota,United States
Malynda,Thurgood,mthurgood31@discuz.net,Montpelier,Vermont,United States
Ediva,Moodie,emoodie32@cargocollective.com,Metairie,Louisiana,United States
Dolores,Tarney,dtarney33@reference.com,Virginia Beach,Virginia,United States
Adelina,Merveille,amerveille34@gov.uk,Mobile,Alabama,United States
Miquela,Andrysiak,mandrysiak35@discovery.com,Gatesville,Texas,United States
Hetty,Burgyn,hburgyn36@stumbleupon.com,Decatur,Illinois,United States
Allin,Huleatt,ahuleatt37@omniture.com,Fort Worth,Texas,United States
Randell,MacGille,rmacgille38@indiegogo.com,San Bernardino,California,United States
Dulci,Ivantyev,divantyev39@indiatimes.com,Buffalo,New York,United States
Nichole,Thacke,nthacke3a@phpbb.com,Riverside,California,United States
Dimitry,Foster,dfoster3b@yelp.com,Kansas City,Missouri,United States
Yalonda,Hassur,yhassur3c@twitpic.com,Tyler,Texas,United States
Taffy,Kellett,tkellett3d@sphinn.com,South Bend,Indiana,United States
Silvester,Kahen,skahen3e@eventbrite.com,Bonita Springs,Florida,United States
Katuscha,Harrell,kharrell3f@purevolume.com,Galveston,Texas,United States
Axel,Legister,alegister3g@auda.org.au,Fresno,California,United States
Kit,Beswetherick,kbeswetherick3h@baidu.com,Saint Louis,Missouri,United States
Markus,Grocott,mgrocott3i@hibu.com,Roanoke,Virginia,United States
Normie,Coppledike,ncoppledike3j@woothemes.com,Cincinnati,Ohio,United States
Ibbie,Oehme,ioehme3k@booking.com,Des Moines,Iowa,United States
Winslow,Gremain,wgremain3l@google.com.au,Las Vegas,Nevada,United States
Sandra,Vasey,svasey3m@toplist.cz,Greenville,South Carolina,United States
Dory,Richold,drichold3n@facebook.com,Miami,Florida,United States
Tallulah,Rijkeseis,trijkeseis3o@360.cn,Gary,Indiana,United States
Clerkclaude,Manueau,cmanueau3p@wix.com,Columbus,Georgia,United States
Emmi,Skittrall,eskittrall3q@liveinternet.ru,Austin,Texas,United States
Carlina,Carnachen,ccarnachen3r@elegantthemes.com,Baton Rouge,Louisiana,United States
Inessa,McGrail,imcgrail3s@vk.com,San Jose,California,United States
Cassandra,McLernon,cmclernon3t@princeton.edu,Salem,Oregon,United States
Joshuah,Burtwhistle,jburtwhistle3u@dmoz.org,Flushing,New York,United States
Peter,Aggott,paggott3v@pinterest.com,Miami,Florida,United States
Dinny,Caff,dcaff3w@hp.com,Kansas City,Missouri,United States
Demetris,Pleaden,dpleaden3x@ifeng.com,Hartford,Connecticut,United States
Cale,McGrale,cmcgrale3y@reuters.com,Odessa,Texas,United States
Philip,Tonsley,ptonsley3z@yahoo.com,Phoenix,Arizona,United States
Cobbie,Heephy,cheephy40@ucsd.edu,Chula Vista,California,United States
Dela,Filchagin,dfilchagin41@army.mil,Lexington,Kentucky,United States
Leticia,Sherrett,lsherrett42@hostgator.com,Waterloo,Iowa,United States
Berenice,Pitney,bpitney43@opera.com,Cleveland,Ohio,United States
Veronika,Edess,vedess44@typepad.com,Saint Cloud,Minnesota,United States
Andreas,Harston,aharston45@mashable.com,Augusta,Georgia,United States
Uri,Plastow,uplastow46@ibm.com,Seattle,Washington,United States
Darin,Darracott,ddarracott47@hostgator.com,San Luis Obispo,California,United States
Martguerita,Delap,mdelap48@desdev.cn,Dallas,Texas,United States
Mellicent,Krienke,mkrienke49@amazon.de,Frankfort,Kentucky,United States
Jennifer,Midford,jmidford4a@cafepress.com,Washington,District of Columbia,United States
Leonerd,Jeppensen,ljeppensen4b@feedburner.com,Lawrenceville,Georgia,United States
Corbett,Fingleton,cfingleton4c@samsung.com,Ogden,Utah,United States
Maurizio,Gellan,mgellan4d@shareasale.com,Newport News,Virginia,United States
Horatia,MacEvilly,hmacevilly4e@g.co,Minneapolis,Minnesota,United States
Felita,Lilian,flilian4f@i2i.jp,Orlando,Florida,United States
Hagan,Campana,hcampana4g@ed.gov,Syracuse,New York,United States
Griffin,Peron,gperon4h@cyberchimps.com,Houston,Texas,United States
Katrina,Golland,kgolland4i@berkeley.edu,El Paso,Texas,United States
Ciel,Songist,csongist4j@sina.com.cn,Naples,Florida,United States
Pepi,Gibbard,pgibbard4k@drupal.org,Miami,Florida,United States
Gay,Rummer,grummer4l@feedburner.com,Charlotte,North Carolina,United States
Filbert,Padgham,fpadgham4m@canalblog.com,Erie,Pennsylvania,United States
Tamarra,MacBain,tmacbain4n@hugedomains.com,Honolulu,Hawaii,United States
Joy,Chiese,jchiese4o@google.cn,Tucson,Arizona,United States
Raviv,Tankin,rtankin4p@squarespace.com,Birmingham,Alabama,United States
Kermie,Stewart,kstewart4q@cornell.edu,Yonkers,New York,United States
Paulie,Dayment,pdayment4r@flickr.com,Portland,Oregon,United States
Gallagher,Burstow,gburstow4s@uiuc.edu,Akron,Ohio,United States
Laurent,Bocock,lbocock4t@twitter.com,Tampa,Florida,United States
Arlina,Wasteney,awasteney4u@earthlink.net,El Paso,Texas,United States
Maxwell,Lowder,mlowder4v@earthlink.net,Tampa,Florida,United States
Titos,Kunzler,tkunzler4w@miibeian.gov.cn,Flint,Michigan,United States
Lydia,Pawsey,lpawsey4x@who.int,Falls Church,Virginia,United States
Luigi,Mepham,lmepham4y@zdnet.com,San Antonio,Texas,United States
Elianora,Switzer,eswitzer4z@globo.com,Charlotte,North Carolina,United States
Rayner,Jedrzejczak,rjedrzejczak50@desdev.cn,Wichita,Kansas,United States
Gabbi,Olliff,golliff51@fastcompany.com,Pittsburgh,Pennsylvania,United States
Emmy,Godden,egodden52@about.me,Washington,District of Columbia,United States
Maren,Hanington,mhanington53@irs.gov,Duluth,Minnesota,United States
Anthiathia,Ivamy,aivamy54@cyberchimps.com,San Diego,California,United States
Aaren,Hamshaw,ahamshaw55@123-reg.co.uk,Shawnee Mission,Kansas,United States
Thomasine,Bercher,tbercher56@geocities.jp,San Diego,California,United States
Elsworth,Dimitrescu,edimitrescu57@wikia.com,Buffalo,New York,United States
Lynnea,Callender,lcallender58@elegantthemes.com,Oklahoma City,Oklahoma,United States
Marshall,Road,mroad59@friendfeed.com,Baton Rouge,Louisiana,United States
Diahann,Derobert,dderobert5a@yolasite.com,Charleston,South Carolina,United States
Peter,Borel,pborel5b@mediafire.com,Shawnee Mission,Kansas,United States
Brien,Slack,bslack5c@prweb.com,Houston,Texas,United States
Adrianna,Wooldridge,awooldridge5d@microsoft.com,Tallahassee,Florida,United States
Ryun,Whitten,rwhitten5e@discovery.com,Hartford,Connecticut,United States
Basil,Awde,bawde5f@posterous.com,San Jose,California,United States
Aubine,Minero,aminero5g@upenn.edu,Longview,Texas,United States
Steffen,Demoge,sdemoge5h@elpais.com,San Diego,California,United States
Portia,Underwood,punderwood5i@google.es,Omaha,Nebraska,United States
Elden,Sans,esans5j@independent.co.uk,Scottsdale,Arizona,United States
Philippa,Bracchi,pbracchi5k@usnews.com,San Francisco,California,United States
Wenonah,Hurrion,whurrion5l@toplist.cz,Oakland,California,United States
Jenn,Cowerd,jcowerd5m@nytimes.com,Schenectady,New York,United States
Jory,Sobczak,jsobczak5n@so-net.ne.jp,Tulsa,Oklahoma,United States
Gaultiero,Wilshin,gwilshin5o@microsoft.com,Raleigh,North Carolina,United States
Erminie,Rendell,erendell5p@sciencedirect.com,Minneapolis,Minnesota,United States
Germain,Fydo,gfydo5q@omniture.com,Huntington,West Virginia,United States
Chloette,Casiero,ccasiero5r@t-online.de,Charleston,West Virginia,United States
Allyn,Black,ablack5s@discuz.net,Atlanta,Georgia,United States
Hyacinthie,Scudamore,hscudamore5t@example.com,El Paso,Texas,United States
Hamilton,Jellico,hjellico5u@indiegogo.com,San Antonio,Texas,United States
Gusty,Blazic,gblazic5v@nifty.com,Colorado Springs,Colorado,United States
Morse,Thiolier,mthiolier5w@google.com.au,Austin,Texas,United States
Rosalinde,Summerley,rsummerley5x@shareasale.com,Lansing,Michigan,United States
Nehemiah,Donald,ndonald5y@addtoany.com,Chandler,Arizona,United States
Michele,Dockree,mdockree5z@blogs.com,Kansas City,Missouri,United States
Elita,Stubbings,estubbings60@ft.com,Oakland,California,United States
Shir,Martt,smartt61@mysql.com,Washington,District of Columbia,United States
Christean,Scarsbrooke,cscarsbrooke62@weather.com,Santa Monica,California,United States
Rosabella,Tate,rtate63@tamu.edu,Madison,Wisconsin,United States
Ronnie,Pechacek,rpechacek64@sciencedaily.com,Honolulu,Hawaii,United States
Thadeus,Leyrroyd,tleyrroyd65@senate.gov,San Rafael,California,United States
Vassily,Cattanach,vcattanach66@washington.edu,Waterloo,Iowa,United States
Irene,Mosedale,imosedale67@surveymonkey.com,Springfield,Illinois,United States
Rey,Maydwell,rmaydwell68@seattletimes.com,Springfield,Massachusetts,United States
Beniamino,Purle,bpurle69@mozilla.org,Birmingham,Alabama,United States
Uriel,Messruther,umessruther6a@earthlink.net,Saint Louis,Missouri,United States
Dela,Syvret,dsyvret6b@stumbleupon.com,Plano,Texas,United States
Briggs,Redshaw,bredshaw6c@yale.edu,Baton Rouge,Louisiana,United States
Keir,Ambrogelli,kambrogelli6d@hugedomains.com,New York City,New York,United States
Vyky,Carous,vcarous6e@livejournal.com,Fredericksburg,Virginia,United States
Chickie,Oldford,coldford6f@washington.edu,Oklahoma City,Oklahoma,United States
Nelie,Sowten,nsowten6g@eepurl.com,Atlanta,Georgia,United States
Anica,Bannon,abannon6h@alexa.com,Fresno,California,United States
Patrizio,Mauro,pmauro6i@de.vu,Rochester,New York,United States
Valerie,Gerrit,vgerrit6j@flickr.com,San Bernardino,California,United States
Arnuad,Whistan,awhistan6k@ft.com,New York City,New York,United States
Moritz,Haug,mhaug6l@behance.net,Houston,Texas,United States
Morna,Paolazzi,mpaolazzi6m@instagram.com,Fayetteville,North Carolina,United States
Joshuah,Ambrois,jambrois6n@craigslist.org,Washington,District of Columbia,United States
Cort,Hurtado,churtado6o@buzzfeed.com,Columbia,South Carolina,United States
Geoffry,Camilleri,gcamilleri6p@ebay.co.uk,Tuscaloosa,Alabama,United States
Nedi,Silly,nsilly6q@tmall.com,Tacoma,Washington,United States
Even,Gregson,egregson6r@toplist.cz,Saint Louis,Missouri,United States
Poppy,Shire,pshire6s@odnoklassniki.ru,Atlanta,Georgia,United States
Carmina,Linck,clinck6t@mayoclinic.com,Richmond,Virginia,United States
Elihu,Camplejohn,ecamplejohn6u@blogger.com,Santa Monica,California,United States
Melisent,Crilley,mcrilley6v@fastcompany.com,Birmingham,Alabama,United States
Myra,Ousby,mousby6w@amazon.de,Lexington,Kentucky,United States
Sebastiano,Canfer,scanfer6x@instagram.com,Santa Barbara,California,United States
Gardy,Maidlow,gmaidlow6y@independent.co.uk,Washington,District of Columbia,United States
Gertrude,Huie,ghuie6z@amazon.com,New Haven,Connecticut,United States
Ardith,Monnery,amonnery70@sun.com,Shawnee Mission,Kansas,United States
Deloria,De Launde,ddelaunde71@china.com.cn,Tempe,Arizona,United States
Simon,Bravey,sbravey72@hhs.gov,Boston,Massachusetts,United States
Rozanne,Andrewartha,randrewartha73@1und1.de,Buffalo,New York,United States
Trey,Crichten,tcrichten74@miitbeian.gov.cn,Duluth,Georgia,United States
Keir,Mingaud,kmingaud75@scientificamerican.com,Cincinnati,Ohio,United States
Lorens,Gledhall,lgledhall76@dot.gov,Waterbury,Connecticut,United States
Devin,Sighart,dsighart77@ask.com,Gadsden,Alabama,United States
Judd,Cassell,jcassell78@cloudflare.com,Port Washington,New York,United States
Moss,Vellden,mvellden79@xrea.com,Des Moines,Iowa,United States
Cori,Mavin,cmavin7a@jalbum.net,Sioux City,Iowa,United States
Kienan,Lobley,klobley7b@dion.ne.jp,Alexandria,Louisiana,United States
Bertie,Bulward,bbulward7c@furl.net,Naples,Florida,United States
Clemens,Scholler,cscholler7d@cdbaby.com,Harrisburg,Pennsylvania,United States
Chadd,Dearl,cdearl7e@imgur.com,Chicago,Illinois,United States
Ewen,Gowenlock,egowenlock7f@geocities.jp,Atlanta,Georgia,United States
Noby,Dibdale,ndibdale7g@sitemeter.com,Columbus,Ohio,United States
Benjamin,Bailes,bbailes7h@ucsd.edu,Oakland,California,United States
Cele,Glozman,cglozman7i@forbes.com,Rochester,New York,United States
Deeyn,Walhedd,dwalhedd7j@cam.ac.uk,San Bernardino,California,United States
Annissa,Noirel,anoirel7k@scientificamerican.com,Mount Vernon,New York,United States
Marthe,Eickhoff,meickhoff7l@aol.com,Atlanta,Georgia,United States
Mose,Sellar,msellar7m@berkeley.edu,New York City,New York,United States
Danell,Bonnin,dbonnin7n@imgur.com,Bronx,New York,United States
Merrill,Neiland,mneiland7o@wiley.com,Toledo,Ohio,United States
Willyt,Testin,wtestin7p@storify.com,New Orleans,Louisiana,United States
Fredric,Deverille,fdeverille7q@behance.net,Memphis,Tennessee,United States
Charla,Culleton,cculleton7r@mit.edu,Glendale,Arizona,United States
Kittie,Baffin,kbaffin7s@cdc.gov,Jefferson City,Missouri,United States
Beverlee,Gerger,bgerger7t@wikia.com,Kissimmee,Florida,United States
Carmella,Fencott,cfencott7u@freewebs.com,Miami,Florida,United States
Krystal,Bohills,kbohills7v@blog.com,Arlington,Virginia,United States
Janaya,Philpotts,jphilpotts7w@fotki.com,Miami,Florida,United States
Ric,Kinset,rkinset7x@nydailynews.com,Gadsden,Alabama,United States
Gaylene,Preston,gpreston7y@weather.com,Youngstown,Ohio,United States
Jeremie,Van Hesteren,jvanhesteren7z@hibu.com,Shreveport,Louisiana,United States
Kelci,Verrico,kverrico80@hubpages.com,Erie,Pennsylvania,United States
Brittni,Shill,bshill81@nature.com,Lansing,Michigan,United States
Moreen,Williscroft,mwilliscroft82@sohu.com,Memphis,Tennessee,United States
Christie,Mote,cmote83@unc.edu,Athens,Georgia,United States
Nataniel,Dunnion,ndunnion84@yale.edu,Pasadena,California,United States
Jeddy,Haldenby,jhaldenby85@gnu.org,Decatur,Georgia,United States
Clovis,Corking,ccorking86@youku.com,Dayton,Ohio,United States
Rani,Ellum,rellum87@homestead.com,Washington,District of Columbia,United States
Jarrad,Hayhurst,jhayhurst88@businessweek.com,Los Angeles,California,United States
Lani,Hubbucks,lhubbucks89@deviantart.com,Chattanooga,Tennessee,United States
Beatrisa,Petel,bpetel8a@blogtalkradio.com,Baltimore,Maryland,United States
Maure,Leming,mleming8b@jimdo.com,Orlando,Florida,United States
Henrietta,Croome,hcroome8c@seattletimes.com,Ashburn,Virginia,United States
Jameson,Kroon,jkroon8d@gmpg.org,Wichita,Kansas,United States
Lorrayne,Baly,lbaly8e@privacy.gov.au,Escondido,California,United States
Constancy,Hamlet,chamlet8f@army.mil,Kansas City,Missouri,United States
Mada,Frensch,mfrensch8g@tuttocitta.it,El Paso,Texas,United States
Pauline,Kulas,pkulas8h@ycombinator.com,Tampa,Florida,United States
Emmet,Renon,erenon8i@stumbleupon.com,Seattle,Washington,United States
Tami,Sawers,tsawers8j@tumblr.com,Indianapolis,Indiana,United States
Richie,Jarrad,rjarrad8k@hexun.com,Anchorage,Alaska,United States
Brendin,Foggo,bfoggo8l@xing.com,Shreveport,Louisiana,United States
Ardath,Almeida,aalmeida8m@last.fm,Fort Pierce,Florida,United States
Maureene,Jerrold,mjerrold8n@simplemachines.org,Eugene,Oregon,United States
Hazel,Gibling,hgibling8o@nymag.com,Washington,District of Columbia,United States
Angelia,Sleep,asleep8p@cbc.ca,Spokane,Washington,United States
Filbert,Andryszczak,fandryszczak8q@smh.com.au,Tampa,Florida,United States
Darby,Presswell,dpresswell8r@ihg.com,Washington,District of Columbia,United States
Lorenza,Aliman,laliman8s@symantec.com,Memphis,Tennessee,United States
Kipp,Thorrington,kthorrington8t@github.io,Austin,Texas,United States
Sergei,Loutheane,sloutheane8u@weather.com,Washington,District of Columbia,United States
Jere,MacRierie,jmacrierie8v@state.gov,Lansing,Michigan,United States
Sher,Cardinal,scardinal8w@weibo.com,Washington,District of Columbia,United States
Silvana,Scrowby,sscrowby8x@unblog.fr,Sacramento,California,United States
Ruperta,Egle of Germany,regleofgermany8y@miibeian.gov.cn,Anaheim,California,United States
Sula,Revie,srevie8z@dailymail.co.uk,Philadelphia,Pennsylvania,United States
Mordy,Thiolier,mthiolier90@parallels.com,Dayton,Ohio,United States
Werner,Stokell,wstokell91@nba.com,Everett,Washington,United States
Carroll,Witard,cwitard92@cafepress.com,Washington,District of Columbia,United States
York,Bolsteridge,ybolsteridge93@archive.org,Honolulu,Hawaii,United States
Michale,Majury,mmajury94@china.com.cn,Reno,Nevada,United States
Herby,Frowing,hfrowing95@reddit.com,Montgomery,Alabama,United States
Marsha,Westhead,mwesthead96@google.de,Charlotte,North Carolina,United States
Linet,Rance,lrance97@wisc.edu,Albany,New York,United States
Donnie,Ladyman,dladyman98@examiner.com,Staten Island,New York,United States
Kandy,Rebichon,krebichon99@liveinternet.ru,Lafayette,Indiana,United States
Regen,Hawkswell,rhawkswell9a@eventbrite.com,Spring Hill,Florida,United States
Ericka,Boddis,eboddis9b@skyrock.com,Huntington,West Virginia,United States
Dasha,Frede,dfrede9c@loc.gov,Levittown,Pennsylvania,United States
Tucky,Cherry Holme,tcherryholme9d@alibaba.com,Carlsbad,California,United States
Saree,McNeish,smcneish9e@barnesandnoble.com,Louisville,Kentucky,United States
Wanids,Fryer,wfryer9f@lycos.com,Jacksonville,Florida,United States
Manny,Jarret,mjarret9g@npr.org,Amarillo,Texas,United States
Burnard,Piercy,bpiercy9h@spotify.com,Little Rock,Arkansas,United States
Franny,Cundey,fcundey9i@technorati.com,Chandler,Arizona,United States
Euphemia,MacSweeney,emacsweeney9j@blogspot.com,Anaheim,California,United States
Mathew,Hurler,mhurler9k@marriott.com,Irvine,California,United States
Sibelle,Kase,skase9l@instagram.com,Frankfort,Kentucky,United States
Matthiew,Aneley,maneley9m@yale.edu,Dallas,Texas,United States
Bertine,Stather,bstather9n@go.com,Washington,District of Columbia,United States
Josy,Guerri,jguerri9o@is.gd,Denver,Colorado,United States
Archaimbaud,Pickworth,apickworth9p@ihg.com,Largo,Florida,United States
Cindy,Rawood,crawood9q@arstechnica.com,Lima,Ohio,United States
Ethelred,McBoyle,emcboyle9r@bbb.org,Albany,New York,United States
Yettie,Matuszynski,ymatuszynski9s@ox.ac.uk,Winston Salem,North Carolina,United States
Georas,Leynton,gleynton9t@mashable.com,Birmingham,Alabama,United States
Kort,Arnaudi,karnaudi9u@oakley.com,Kansas City,Missouri,United States
Adlai,Petzolt,apetzolt9v@xrea.com,Nashville,Tennessee,United States
Mitch,Storre,mstorre9w@google.com,Tampa,Florida,United States
Kaitlyn,Wagstaffe,kwagstaffe9x@sakura.ne.jp,Concord,California,United States
Cherey,Richardt,crichardt9y@myspace.com,Honolulu,Hawaii,United States
Mattias,Thorowgood,mthorowgood9z@foxnews.com,Kansas City,Missouri,United States
Othilie,Erangey,oerangeya0@macromedia.com,Memphis,Tennessee,United States
Hobart,Tapp,htappa1@etsy.com,Reno,Nevada,United States
Estevan,Dunklee,edunkleea2@hostgator.com,El Paso,Texas,United States
Scott,Veeler,sveelera3@blogtalkradio.com,Reno,Nevada,United States
Ira,Sefton,iseftona4@ycombinator.com,Evanston,Illinois,United States
Tailor,Sarsfield,tsarsfielda5@netlog.com,Nashville,Tennessee,United States
Marcille,Pering,mperinga6@sbwire.com,Washington,District of Columbia,United States
Aluin,des Remedios,adesremediosa7@fda.gov,San Jose,California,United States
Darryl,Labrow,dlabrowa8@indiatimes.com,Houston,Texas,United States
Janet,Booth-Jarvis,jboothjarvisa9@people.com.cn,Charlotte,North Carolina,United States
Renado,Pinsent,rpinsentaa@ucoz.ru,Carol Stream,Illinois,United States
Marjory,Plewright,mplewrightab@thetimes.co.uk,El Paso,Texas,United States
Cchaddie,Quillinane,cquillinaneac@bandcamp.com,Charlotte,North Carolina,United States
Garvy,Orehead,goreheadad@google.nl,San Diego,California,United States
Chas,Chaunce,cchaunceae@businessweek.com,Huntington,West Virginia,United States
Mayne,Mannie,mmannieaf@amazon.co.jp,Jersey City,New Jersey,United States
Natala,Masey,nmaseyag@weather.com,Winston Salem,North Carolina,United States
Madeline,Rainger,mraingerah@apache.org,Baltimore,Maryland,United States
Kerrin,Driuzzi,kdriuzziai@google.de,El Paso,Texas,United States
Hercules,Birtwell,hbirtwellaj@i2i.jp,Saint Joseph,Missouri,United States
Coretta,Kolak,ckolakak@nifty.com,Scranton,Pennsylvania,United States
Batholomew,Deplacido,bdeplacidoal@paginegialle.it,Littleton,Colorado,United States
Dorothee,Tellenbach,dtellenbacham@sakura.ne.jp,Orlando,Florida,United States
Ignacius,MacNeilley,imacneilleyan@va.gov,Jacksonville,Florida,United States
Brit,Skechley,bskechleyao@springer.com,Cleveland,Ohio,United States
Laurence,Wetter,lwetterap@nytimes.com,Pittsburgh,Pennsylvania,United States
Nahum,Enevold,nenevoldaq@1688.com,Richmond,Virginia,United States
Bryn,Brundall,bbrundallar@boston.com,Pensacola,Florida,United States
Lynnelle,Hollibone,lholliboneas@technorati.com,Detroit,Michigan,United States
Alica,De Bruyne,adebruyneat@bigcartel.com,Charleston,South Carolina,United States
Sigismund,Scates,sscatesau@cisco.com,Yakima,Washington,United States
Sydney,Kybbye,skybbyeav@altervista.org,Fort Myers,Florida,United States
Rebeka,Canceller,rcancelleraw@unicef.org,Sacramento,California,United States
Rachelle,Bradshaw,rbradshawax@cpanel.net,Scottsdale,Arizona,United States
Elna,Gliddon,egliddonay@myspace.com,Lynchburg,Virginia,United States
Cristine,Belch,cbelchaz@e-recht24.de,Lincoln,Nebraska,United States
Putnam,Gainsburgh,pgainsburghb0@jimdo.com,Philadelphia,Pennsylvania,United States
Claribel,De Few,cdefewb1@discovery.com,Tampa,Florida,United States
Debera,Haffenden,dhaffendenb2@liveinternet.ru,Largo,Florida,United States
Barnabas,Swaisland,bswaislandb3@amazonaws.com,New Orleans,Louisiana,United States
Beret,Rae,braeb4@zimbio.com,Tucson,Arizona,United States
Gifford,Pomeroy,gpomeroyb5@oakley.com,Palmdale,California,United States
Xena,Rigg,xriggb6@comcast.net,El Paso,Texas,United States
Kassandra,Sarll,ksarllb7@ustream.tv,Oklahoma City,Oklahoma,United States
Luisa,Bembrigg,lbembriggb8@imdb.com,Clearwater,Florida,United States
Pembroke,Pezey,ppezeyb9@4shared.com,Fresno,California,United States
Rona,Eagleton,reagletonba@newsvine.com,Knoxville,Tennessee,United States
Matti,Swayne,mswaynebb@sun.com,Boise,Idaho,United States
Pauli,Davidov,pdavidovbc@ustream.tv,Brooklyn,New York,United States
Field,Hillum,fhillumbd@g.co,Saint Petersburg,Florida,United States
Pierette,Limming,plimmingbe@blinklist.com,Baton Rouge,Louisiana,United States
Philippe,Foulkes,pfoulkesbf@sogou.com,Seattle,Washington,United States
Sabra,Worster,sworsterbg@washingtonpost.com,Colorado Springs,Colorado,United States
Cornell,Halle,challebh@privacy.gov.au,Atlanta,Georgia,United States
Caralie,Barhams,cbarhamsbi@cocolog-nifty.com,New Haven,Connecticut,United States
Rois,Rossiter,rrossiterbj@csmonitor.com,Newark,Delaware,United States
Ogdon,Proske,oproskebk@dropbox.com,Naples,Florida,United States
Lorna,Brody,lbrodybl@friendfeed.com,Scranton,Pennsylvania,United States
Myrtie,Norridge,mnorridgebm@jalbum.net,Austin,Texas,United States
Abrahan,Dugdale,adugdalebn@technorati.com,Idaho Falls,Idaho,United States
Waylen,Kinkaid,wkinkaidbo@oakley.com,Richmond,Virginia,United States
Onfre,Kinder,okinderbp@illinois.edu,Scranton,Pennsylvania,United States
Laure,Stollman,lstollmanbq@webmd.com,Springfield,Missouri,United States
Rorke,Vella,rvellabr@cnet.com,Norwalk,Connecticut,United States
Judy,Ricciardo,jricciardobs@nytimes.com,Buffalo,New York,United States
Isaac,Dillow,idillowbt@mediafire.com,Green Bay,Wisconsin,United States
Arthur,Tschursch,atschurschbu@godaddy.com,Hartford,Connecticut,United States
Darby,Castillou,dcastilloubv@opensource.org,Fresno,California,United States
Warde,Caird,wcairdbw@123-reg.co.uk,Macon,Georgia,United States
Dedie,Chifney,dchifneybx@arstechnica.com,El Paso,Texas,United States
Quinn,Childrens,qchildrensby@miitbeian.gov.cn,Norfolk,Virginia,United States
Dora,Malpass,dmalpassbz@cmu.edu,Houston,Texas,United States
Millard,Senett,msenettc0@mozilla.com,Sacramento,California,United States
Roda,Rubrow,rrubrowc1@usgs.gov,Valley Forge,Pennsylvania,United States
Nial,Shead,nsheadc2@shop-pro.jp,New Orleans,Louisiana,United States
Tara,Andreucci,tandreuccic3@sitemeter.com,Des Moines,Iowa,United States
Franny,Mansuer,fmansuerc4@sphinn.com,Tucson,Arizona,United States
Ted,Cuttle,tcuttlec5@oaic.gov.au,Hialeah,Florida,United States
Glad,Managh,gmanaghc6@harvard.edu,Topeka,Kansas,United States
Lauri,David,ldavidc7@google.ca,San Diego,California,United States
Pauly,Gyer,pgyerc8@latimes.com,Springfield,Massachusetts,United States
Horatio,Lepper,hlepperc9@e-recht24.de,Van Nuys,California,United States
Donall,Capon,dcaponca@flickr.com,Pocatello,Idaho,United States
Leonerd,Harflete,lharfletecb@blogtalkradio.com,Washington,District of Columbia,United States
Elfrieda,Lound,eloundcc@wufoo.com,Morgantown,West Virginia,United States
Rhona,Hansberry,rhansberrycd@examiner.com,Cleveland,Ohio,United States
Leshia,Nansom,lnansomce@booking.com,Pasadena,California,United States
Iorgo,Lochrie,ilochriecf@webmd.com,Austin,Texas,United States
Duncan,Cullinane,dcullinanecg@kickstarter.com,Hattiesburg,Mississippi,United States
Lianna,Thorley,lthorleych@wufoo.com,Manchester,New Hampshire,United States
Baillie,Dorey,bdoreyci@so-net.ne.jp,Atlanta,Georgia,United States
Lynna,Cusack,lcusackcj@virginia.edu,Saint Paul,Minnesota,United States
Sollie,Vine,svineck@cam.ac.uk,Birmingham,Alabama,United States
Lindsey,Caseri,lcasericl@sciencedaily.com,Houston,Texas,United States
Grantley,Springham,gspringhamcm@1und1.de,Pensacola,Florida,United States
Jerrold,Hartrick,jhartrickcn@1und1.de,Des Moines,Iowa,United States
Lizabeth,Bennallck,lbennallckco@sbwire.com,Shawnee Mission,Kansas,United States
Janos,McKinlay,jmckinlaycp@phpbb.com,Richmond,Virginia,United States
Dicky,Katte,dkattecq@redcross.org,Orlando,Florida,United States
Tobie,Playden,tplaydencr@state.tx.us,Sacramento,California,United States
Mada,Ratnege,mratnegecs@etsy.com,Boston,Massachusetts,United States
Seamus,Olliver,solliverct@timesonline.co.uk,New Haven,Connecticut,United States
Danette,Berfoot,dberfootcu@pen.io,Chicago,Illinois,United States
Meagan,Ramsey,mramseycv@g.co,Saint Louis,Missouri,United States
Julietta,Mahaddy,jmahaddycw@ycombinator.com,Boston,Massachusetts,United States
Leone,Gwinnel,lgwinnelcx@dropbox.com,Sacramento,California,United States
Katinka,Blackhurst,kblackhurstcy@upenn.edu,Baton Rouge,Louisiana,United States
Rudd,Pinchbeck,rpinchbeckcz@bing.com,Boise,Idaho,United States
Neils,Skates,nskatesd0@marriott.com,Columbia,South Carolina,United States
Mason,Pollak,mpollakd1@google.com.au,Portland,Oregon,United States
Jerrilee,Ojeda,jojedad2@ning.com,Miami,Florida,United States
Xever,Evens,xevensd3@oakley.com,Portland,Oregon,United States
Serene,Ogger,soggerd4@freewebs.com,Dayton,Ohio,United States
Terri,Chmiel,tchmield5@abc.net.au,Lubbock,Texas,United States
Paquito,Thome,pthomed6@deliciousdays.com,East Saint Louis,Illinois,United States
Tobias,Minichi,tminichid7@ning.com,Ann Arbor,Michigan,United States
Celesta,Clingoe,cclingoed8@ebay.co.uk,Waco,Texas,United States
Valle,Kemston,vkemstond9@ustream.tv,Lakewood,Washington,United States
Carolann,Dearden,cdeardenda@simplemachines.org,San Diego,California,United States
Ted,Golagley,tgolagleydb@yandex.ru,Annapolis,Maryland,United States
Raviv,MacAlees,rmacaleesdc@creativecommons.org,Madison,Wisconsin,United States
Florentia,Warrell,fwarrelldd@unesco.org,Tulsa,Oklahoma,United States
Loria,Riddiford,lriddifordde@nyu.edu,Dallas,Texas,United States
Juli,Ellgood,jellgooddf@businessinsider.com,Topeka,Kansas,United States
Chryste,Checci,ccheccidg@github.com,Sioux City,Iowa,United States
Lyndy,Mockford,lmockforddh@npr.org,Saint Louis,Missouri,United States
Stacy,Giraux,sgirauxdi@instagram.com,El Paso,Texas,United States
Steve,Premble,sprembledj@baidu.com,Minneapolis,Minnesota,United States
Nicolas,Cady,ncadydk@parallels.com,Beaufort,South Carolina,United States
Galen,Sibborn,gsibborndl@smugmug.com,El Paso,Texas,United States
Zacharie,Ardron,zardrondm@narod.ru,Tallahassee,Florida,United States
Meggy,Vogeler,mvogelerdn@auda.org.au,San Francisco,California,United States
Miran,Johnston,mjohnstondo@cbc.ca,Chicago,Illinois,United States
Waldemar,Gillie,wgilliedp@shareasale.com,Schaumburg,Illinois,United States
Lauren,Dunridge,ldunridgedq@alibaba.com,Miami,Florida,United States
Krystyna,Rubinowitsch,krubinowitschdr@toplist.cz,Sioux Falls,South Dakota,United States
Eileen,Whaplington,ewhaplingtonds@scribd.com,Philadelphia,Pennsylvania,United States
Vasili,Overland,voverlanddt@boston.com,Tucson,Arizona,United States
Louisa,Drever,ldreverdu@nih.gov,Springfield,Missouri,United States
Desdemona,Tatnell,dtatnelldv@sphinn.com,Portsmouth,Virginia,United States
Margette,Cronkshaw,mcronkshawdw@oaic.gov.au,Bloomington,Illinois,United States
Brandy,Hammersley,bhammersleydx@nifty.com,Orlando,Florida,United States
Tarah,Maffiotti,tmaffiottidy@soup.io,Bakersfield,California,United States
Orsa,Colt,ocoltdz@yolasite.com,Gulfport,Mississippi,United States
Stace,Domenichelli,sdomenichellie0@ask.com,Washington,District of Columbia,United States
Olin,Gatherell,ogatherelle1@cafepress.com,Glendale,California,United States
Deeanne,Dymott,ddymotte2@macromedia.com,Houston,Texas,United States
Marlane,Gabler,mgablere3@joomla.org,Schenectady,New York,United States
Ivett,Orgel,iorgele4@netscape.com,Denver,Colorado,United States
Kort,Godden,kgoddene5@sciencedaily.com,Seattle,Washington,United States
Ozzie,Franek,ofraneke6@hexun.com,Fullerton,California,United States
Gilberta,Andrus,gandruse7@va.gov,Hialeah,Florida,United States
Caro,Auten,cautene8@engadget.com,Lexington,Kentucky,United States
Lamont,Althorp,lalthorpe9@canalblog.com,Falls Church,Virginia,United States
Christoper,Sute,csuteea@amazonaws.com,New Orleans,Louisiana,United States
Tedra,Bullman,tbullmaneb@typepad.com,Manassas,Virginia,United States
Pris,Yurkov,pyurkovec@jimdo.com,Sioux Falls,South Dakota,United States
Prentice,Vasenin,pvasenined@vinaora.com,Torrance,California,United States
Walliw,Troy,wtroyee@bizjournals.com,Boston,Massachusetts,United States
Michel,Kelby,mkelbyef@woothemes.com,Cleveland,Ohio,United States
Lynn,Cray,lcrayeg@cbc.ca,Las Vegas,Nevada,United States
Trenna,Duckworth,tduckwortheh@wix.com,Riverside,California,United States
Harriet,Ellacombe,hellacombeei@ucsd.edu,Washington,District of Columbia,United States
Theobald,Selbach,tselbachej@php.net,Paterson,New Jersey,United States
Bucky,Lucks,blucksek@smugmug.com,Tampa,Florida,United States
Cecil,Halgarth,chalgarthel@soundcloud.com,Corona,California,United States
Yuma,Meale,ymealeem@eepurl.com,Denton,Texas,United States
Flem,Goathrop,fgoathropen@devhub.com,El Paso,Texas,United States
Sophia,Fortnum,sfortnumeo@sina.com.cn,Corpus Christi,Texas,United States
Frederic,Ruecastle,fruecastleep@forbes.com,Boise,Idaho,United States
Shandie,McCourt,smccourteq@exblog.jp,Phoenix,Arizona,United States
Jolee,Biscomb,jbiscomber@squidoo.com,Topeka,Kansas,United States
Bernarr,Bilney,bbilneyes@ocn.ne.jp,Chicago,Illinois,United States
Leonid,Kamenar,lkamenaret@baidu.com,Washington,District of Columbia,United States
Myrlene,Cleyburn,mcleyburneu@reuters.com,Stockton,California,United States
Mandy,Readitt,mreadittev@wunderground.com,Lake Worth,Florida,United States
Cass,Tomblings,ctomblingsew@blogger.com,Saint Paul,Minnesota,United States
Lauren,Parkyn,lparkynex@indiatimes.com,Migrate,Kentucky,United States
Licha,Bayley,lbayleyey@baidu.com,Levittown,Pennsylvania,United States
Thebault,Fronczak,tfronczakez@ameblo.jp,Oklahoma City,Oklahoma,United States
Oralee,Cordall,ocordallf0@cbc.ca,Colorado Springs,Colorado,United States
Barclay,Gorden,bgordenf1@ameblo.jp,Huntington,West Virginia,United States
Lyon,Nerne,lnernef2@livejournal.com,Seattle,Washington,United States
Osborne,Braysher,obraysherf3@networksolutions.com,Atlanta,Georgia,United States
Carole,Tetla,ctetlaf4@live.com,Albuquerque,New Mexico,United States
Richie,Sleicht,rsleichtf5@altervista.org,Alexandria,Virginia,United States
Dilan,Skocroft,dskocroftf6@yandex.ru,Stamford,Connecticut,United States
Teirtza,Duker,tdukerf7@google.pl,Columbia,South Carolina,United States
Andeee,Ivison,aivisonf8@ameblo.jp,Seattle,Washington,United States
Darcy,Lax,dlaxf9@dropbox.com,Houston,Texas,United States
Wini,Kleinberer,wkleinbererfa@reference.com,San Antonio,Texas,United States
Lionel,Arnould,larnouldfb@irs.gov,New York City,New York,United States
Raynard,Orford,rorfordfc@army.mil,Birmingham,Alabama,United States
Tate,McWhan,tmcwhanfd@marriott.com,Houston,Texas,United States
Sheela,Goody,sgoodyfe@ask.com,New York City,New York,United States
Emmey,Stendell,estendellff@is.gd,Minneapolis,Minnesota,United States
Francine,Airth,fairthfg@accuweather.com,San Diego,California,United States
Kermy,Redmire,kredmirefh@cpanel.net,Knoxville,Tennessee,United States
Delila,Brandone,dbrandonefi@zimbio.com,Wichita,Kansas,United States
Maxie,Dulanty,mdulantyfj@hao123.com,Houston,Texas,United States
Elinore,Ahmad,eahmadfk@odnoklassniki.ru,Pensacola,Florida,United States
Farrah,Wycliff,fwyclifffl@cbsnews.com,Muncie,Indiana,United States
Jess,Campion,jcampionfm@spotify.com,Cincinnati,Ohio,United States
Darby,Rigler,driglerfn@va.gov,Rochester,New York,United States
Alida,Ruecastle,aruecastlefo@washington.edu,New York City,New York,United States
Vernon,Corona,vcoronafp@ehow.com,Rochester,New York,United States
Colan,Safe,csafefq@ask.com,Raleigh,North Carolina,United States
Gaylord,Ariss,garissfr@twitpic.com,Seattle,Washington,United States
Gracia,Joslin,gjoslinfs@boston.com,Houston,Texas,United States
Jeffrey,Lenaghen,jlenaghenft@wsj.com,San Francisco,California,United States
Thelma,Sadat,tsadatfu@com.com,Alexandria,Louisiana,United States
Dede,Bentz,dbentzfv@ehow.com,Washington,District of Columbia,United States
Isadore,Hastie,ihastiefw@archive.org,Providence,Rhode Island,United States
Dusty,Cartmill,dcartmillfx@mysql.com,Fayetteville,North Carolina,United States
Katina,Lubomirski,klubomirskify@jiathis.com,Palmdale,California,United States
Donnie,Gress,dgressfz@github.io,Springfield,Massachusetts,United States
Ranee,Gething,rgethingg0@jimdo.com,Honolulu,Hawaii,United States
Corty,McKitterick,cmckitterickg1@netlog.com,Englewood,Colorado,United States
Inge,Tunstall,itunstallg2@umn.edu,Newark,Delaware,United States
Jody,Phear,jphearg3@etsy.com,Pittsburgh,Pennsylvania,United States
Willie,Roostan,wroostang4@bbb.org,Buffalo,New York,United States
Ciel,Genese,cgeneseg5@freewebs.com,Pittsburgh,Pennsylvania,United States
Gerhardine,Coldwell,gcoldwellg6@wix.com,Norfolk,Virginia,United States
Penny,Gleader,pgleaderg7@creativecommons.org,Atlanta,Georgia,United States
Nikolaus,Nockles,nnocklesg8@blinklist.com,Boca Raton,Florida,United States
Ardenia,Paramore,aparamoreg9@cnet.com,Houston,Texas,United States
Avery,Ludlem,aludlemga@foxnews.com,West Palm Beach,Florida,United States
Law,Knowlden,lknowldengb@senate.gov,Aurora,Colorado,United States
Charil,Rabjohn,crabjohngc@ftc.gov,Montgomery,Alabama,United States
Giffer,Botterell,gbotterellgd@washington.edu,Louisville,Kentucky,United States
Heather,Laurisch,hlaurischge@desdev.cn,Joliet,Illinois,United States
Berry,Illiston,billistongf@pinterest.com,Spokane,Washington,United States
Remus,Anton,rantongg@mysql.com,Gaithersburg,Maryland,United States
Nelle,Decent,ndecentgh@washingtonpost.com,Jacksonville,Florida,United States
Sioux,Mocquer,smocquergi@tuttocitta.it,Fargo,North Dakota,United States
Arlin,Korneluk,akornelukgj@go.com,Albany,New York,United States
Jade,Mincini,jmincinigk@cloudflare.com,Orlando,Florida,United States
Murray,Fiddeman,mfiddemangl@tinypic.com,Columbia,South Carolina,United States
Forbes,Rivaland,frivalandgm@t-online.de,Riverside,California,United States
Winnifred,Franzelini,wfranzelinign@economist.com,Crawfordsville,Indiana,United States
Fulton,Simeonov,fsimeonovgo@jugem.jp,San Jose,California,United States
Patsy,Pucker,ppuckergp@artisteer.com,Oakland,California,United States
Kevan,Tolworth,ktolworthgq@theglobeandmail.com,Saginaw,Michigan,United States
Corbie,Komorowski,ckomorowskigr@foxnews.com,New York City,New York,United States
Norry,Firby,nfirbygs@bloglines.com,San Antonio,Texas,United States
Gale,Minelli,gminelligt@ycombinator.com,Lubbock,Texas,United States
Skipp,Dempsey,sdempseygu@sitemeter.com,Boston,Massachusetts,United States
Garner,Swaile,gswailegv@desdev.cn,Littleton,Colorado,United States
Page,Tupie,ptupiegw@deliciousdays.com,Peoria,Arizona,United States
Bertrand,Bromley,bbromleygx@uiuc.edu,Melbourne,Florida,United States
Merell,Undrill,mundrillgy@fotki.com,Springfield,Illinois,United States
Cristian,Yesson,cyessongz@google.cn,Miami,Florida,United States
Gardiner,Berndtssen,gberndtssenh0@webeden.co.uk,Brooksville,Florida,United States
Kerri,Crut,kcruth1@amazon.co.jp,Scottsdale,Arizona,United States
Zea,Muggleton,zmuggletonh2@elegantthemes.com,Wichita,Kansas,United States
Yorke,Emslie,yemslieh3@over-blog.com,Chattanooga,Tennessee,United States
Darline,Faircley,dfaircleyh4@w3.org,Denver,Colorado,United States
Marinna,Braidon,mbraidonh5@google.pl,Des Moines,Iowa,United States
Chanda,Wedgbrow,cwedgbrowh6@livejournal.com,Gulfport,Mississippi,United States
Kipp,Fuster,kfusterh7@weebly.com,Tucson,Arizona,United States
Gert,Lakes,glakesh8@mail.ru,Gatesville,Texas,United States
Timofei,Lanchester,tlanchesterh9@diigo.com,Omaha,Nebraska,United States
Bren,Weetch,bweetchha@tumblr.com,Sacramento,California,United States
Lincoln,Seebright,lseebrighthb@51.la,Atlanta,Georgia,United States
Ripley,Pinare,rpinarehc@nifty.com,Duluth,Minnesota,United States
Jennine,Berford,jberfordhd@gravatar.com,San Diego,California,United States
L;urette,Pyke,lpykehe@prnewswire.com,Louisville,Kentucky,United States
Amata,Telfer,atelferhf@pagesperso-orange.fr,Buffalo,New York,United States
Saundra,Barrick,sbarrickhg@printfriendly.com,Corona,California,United States
Tome,Endean,tendeanhh@kickstarter.com,Portsmouth,New Hampshire,United States
Rawley,Collabine,rcollabinehi@hubpages.com,Cleveland,Ohio,United States
Felicia,Edsell,fedsellhj@accuweather.com,Hollywood,Florida,United States
Gerrie,Pecey,gpeceyhk@craigslist.org,Milwaukee,Wisconsin,United States
Kerri,Barnfather,kbarnfatherhl@ox.ac.uk,Huntington,West Virginia,United States
Marylee,Gallimore,mgallimorehm@cargocollective.com,Berkeley,California,United States
Nichol,Hadwen,nhadwenhn@shareasale.com,Wichita Falls,Texas,United States
Cristie,McAllister,cmcallisterho@nbcnews.com,Trenton,New Jersey,United States
Garnette,Frushard,gfrushardhp@cdc.gov,Spring,Texas,United States
Gustave,Hume,ghumehq@vimeo.com,Houston,Texas,United States
Alyson,Parradine,aparradinehr@oaic.gov.au,Pittsburgh,Pennsylvania,United States
Raine,Forrestall,rforrestallhs@mapquest.com,Independence,Missouri,United States
Shelia,Aked,sakedht@sourceforge.net,Miami,Florida,United States
Giorgio,Rawstorn,grawstornhu@flavors.me,Pittsburgh,Pennsylvania,United States
Othella,Wrench,owrenchhv@scientificamerican.com,Nashville,Tennessee,United States
Rafa,Cawthery,rcawtheryhw@nature.com,Tucson,Arizona,United States
Delcine,Stannis,dstannishx@pinterest.com,Irving,Texas,United States
Robby,Blamire,rblamirehy@seattletimes.com,Spring Hill,Florida,United States
Jarib,Littrick,jlittrickhz@sun.com,Huntington,West Virginia,United States
Carol,Cawsby,ccawsbyi0@rambler.ru,Savannah,Georgia,United States
Engracia,Cranstoun,ecranstouni1@sogou.com,Salt Lake City,Utah,United States
Idalia,Basili,ibasilii2@sogou.com,Edmond,Oklahoma,United States
Ario,Raper,araperi3@pen.io,Santa Cruz,California,United States
Emlynn,Donke,edonkei4@irs.gov,Young America,Minnesota,United States
Euphemia,Liepins,eliepinsi5@acquirethisname.com,Boston,Massachusetts,United States
Grant,Mildenhall,gmildenhalli6@discovery.com,Roanoke,Virginia,United States
Gerry,Algore,galgorei7@dagondesign.com,Washington,District of Columbia,United States
Julietta,Fenimore,jfenimorei8@geocities.jp,Washington,District of Columbia,United States
Alverta,Bergin,abergini9@fema.gov,Merrifield,Virginia,United States
Steffi,Tyt,stytia@netlog.com,Washington,District of Columbia,United States
Joanie,Upwood,jupwoodib@amazon.com,Lexington,Kentucky,United States
Pet,Deards,pdeardsic@abc.net.au,Brockton,Massachusetts,United States
Karlan,Galfour,kgalfourid@phpbb.com,Santa Barbara,California,United States
Christophorus,Aberhart,caberhartie@amazon.com,Lubbock,Texas,United States
Fitzgerald,Dallaway,fdallawayif@wikimedia.org,Worcester,Massachusetts,United States
Libbey,Endecott,lendecottig@sciencedirect.com,San Francisco,California,United States
Finn,Olsson,folssonih@statcounter.com,Houston,Texas,United States
Willy,Orriss,worrissii@altervista.org,Syracuse,New York,United States
Angil,Elegood,aelegoodij@msn.com,Houston,Texas,United States
Yetty,Dunbar,ydunbarik@mapquest.com,Des Moines,Iowa,United States
Murdock,Denson,mdensonil@tumblr.com,Greensboro,North Carolina,United States
Hendrika,MacKegg,hmackeggim@google.com.hk,Washington,District of Columbia,United States
Benjy,McCane,bmccanein@businessinsider.com,New York City,New York,United States
Reena,Reynolds,rreynoldsio@godaddy.com,Tampa,Florida,United States
Dulce,McCraw,dmccrawip@ning.com,Huntington,West Virginia,United States
Kristofor,McPharlain,kmcpharlainiq@bloglovin.com,Charlotte,North Carolina,United States
Kat,Pigot,kpigotir@shinystat.com,Greenville,South Carolina,United States
Alica,Bere,abereis@cnn.com,Virginia Beach,Virginia,United States
Caressa,Roxburgh,croxburghit@nyu.edu,Saint Petersburg,Florida,United States
Hannie,Strover,hstroveriu@ed.gov,New York City,New York,United States
Omar,Lowen,oloweniv@cam.ac.uk,Charlotte,North Carolina,United States
Riannon,Watters,rwattersiw@artisteer.com,Baton Rouge,Louisiana,United States
Merle,Sargeant,msargeantix@abc.net.au,Milwaukee,Wisconsin,United States
Goldi,Wither,gwitheriy@ocn.ne.jp,Milwaukee,Wisconsin,United States
Cooper,Sheppard,csheppardiz@sciencedirect.com,Worcester,Massachusetts,United States
Tirrell,Northin,tnorthinj0@eepurl.com,Lexington,Kentucky,United States
Farrah,Glaister,fglaisterj1@bloglovin.com,Charlotte,North Carolina,United States
Stanly,Butterfill,sbutterfillj2@bandcamp.com,Whittier,California,United States
Kerri,Bottomley,kbottomleyj3@amazonaws.com,Glendale,Arizona,United States
Madison,Tassell,mtassellj4@usda.gov,Alpharetta,Georgia,United States
Kevan,Mordanti,kmordantij5@g.co,Lexington,Kentucky,United States
Dallas,Romans,dromansj6@ning.com,Toledo,Ohio,United States
Gaylor,Bagniuk,gbagniukj7@ucoz.ru,Lexington,Kentucky,United States
Ermina,Laxtonne,elaxtonnej8@nifty.com,Memphis,Tennessee,United States
Dacy,Smewings,dsmewingsj9@photobucket.com,Louisville,Kentucky,United States
Angie,De Domenici,adedomenicija@domainmarket.com,San Rafael,California,United States
Ellene,Jagg,ejaggjb@imgur.com,Silver Spring,Maryland,United States
Daryl,Jon,djonjc@blogs.com,Albany,New York,United States
Milt,Farnan,mfarnanjd@opera.com,Savannah,Georgia,United States
Lindsey,Chilcott,lchilcottje@europa.eu,Lakeland,Florida,United States
Charin,Cambridge,ccambridgejf@si.edu,Saint Louis,Missouri,United States
Rita,Sales,rsalesjg@techcrunch.com,Asheville,North Carolina,United States
Gordon,Starrs,gstarrsjh@google.de,Richmond,Virginia,United States
Star,Ramsdell,sramsdellji@ow.ly,Amarillo,Texas,United States
Goraud,Mustchin,gmustchinjj@multiply.com,Peoria,Illinois,United States
Sarajane,McGonigle,smcgoniglejk@oakley.com,Iowa City,Iowa,United States
Esdras,Van Der Weedenburg,evanderweedenburgjl@ameblo.jp,Norfolk,Virginia,United States
Faustina,Twaits,ftwaitsjm@flavors.me,Elizabeth,New Jersey,United States
Elvera,Wivell,ewivelljn@netlog.com,Los Angeles,California,United States
Filmore,Fransman,ffransmanjo@multiply.com,Montgomery,Alabama,United States
Marietta,Neild,mneildjp@reverbnation.com,Brooklyn,New York,United States
Georgianna,Woodwind,gwoodwindjq@clickbank.net,Beaumont,Texas,United States
Vladamir,Double,vdoublejr@tripadvisor.com,Topeka,Kansas,United States
Justino,Hearty,jheartyjs@yahoo.com,New York City,New York,United States
Charlton,Giacobo,cgiacobojt@wikimedia.org,Miami,Florida,United States
Oriana,Thirkettle,othirkettleju@xinhuanet.com,Ogden,Utah,United States
Richmound,Ferier,rferierjv@seesaa.net,Young America,Minnesota,United States
Zita,Fey,zfeyjw@youku.com,Mobile,Alabama,United States
Lura,Davall,ldavalljx@infoseek.co.jp,Berkeley,California,United States
Kelwin,Umpleby,kumplebyjy@themeforest.net,Charlotte,North Carolina,United States
Reece,Dilworth,rdilworthjz@ftc.gov,Portsmouth,New Hampshire,United States
Tate,Hehir,thehirk0@cam.ac.uk,Columbia,Missouri,United States
Inna,Cammocke,icammockek1@canalblog.com,Bloomington,Illinois,United States
Jareb,Hartwright,jhartwrightk2@elpais.com,Bradenton,Florida,United States
Derril,McCroary,dmccroaryk3@wired.com,Kalamazoo,Michigan,United States
Jaquelyn,Denisyev,jdenisyevk4@netscape.com,Colorado Springs,Colorado,United States
Tristam,Pittle,tpittlek5@sourceforge.net,Newport News,Virginia,United States
Fay,Hindrich,fhindrichk6@miibeian.gov.cn,Troy,Michigan,United States
Zonda,Helkin,zhelkink7@shop-pro.jp,Dayton,Ohio,United States
Martynne,Ellesworth,mellesworthk8@stanford.edu,Decatur,Georgia,United States
Alice,Wackley,awackleyk9@hc360.com,Bloomington,Indiana,United States
Jabez,Agerskow,jagerskowka@globo.com,Minneapolis,Minnesota,United States
Glenn,Arnley,garnleykb@youtube.com,Cincinnati,Ohio,United States
Johna,Manderson,jmandersonkc@forbes.com,Rochester,New York,United States
Dona,Peascod,dpeascodkd@scientificamerican.com,Greensboro,North Carolina,United States
Gray,Woehler,gwoehlerke@github.com,Kansas City,Missouri,United States
Brantley,Prise,bprisekf@soup.io,Brooklyn,New York,United States
Wait,Lambal,wlambalkg@desdev.cn,El Paso,Texas,United States
Cristal,De Normanville,cdenormanvillekh@squarespace.com,Decatur,Georgia,United States
Garner,Duplock,gduplockki@list-manage.com,Torrance,California,United States
Cobbie,Burfield,cburfieldkj@tinyurl.com,Maple Plain,Minnesota,United States
Willard,Coultish,wcoultishkk@alibaba.com,Birmingham,Alabama,United States
Michel,Ceaser,mceaserkl@wikia.com,Tacoma,Washington,United States
Alley,Casone,acasonekm@parallels.com,Tampa,Florida,United States
Isabelita,Myrie,imyriekn@pinterest.com,Washington,District of Columbia,United States
Janaye,Pren,jprenko@disqus.com,Miami,Florida,United States
Glennis,Kordova,gkordovakp@kickstarter.com,Buffalo,New York,United States
Nye,Bucham,nbuchamkq@123-reg.co.uk,Roanoke,Virginia,United States
Dionisio,McKue,dmckuekr@fastcompany.com,Jamaica,New York,United States
Raeann,Jantot,rjantotks@biglobe.ne.jp,Richmond,Virginia,United States
Freddie,Yesipov,fyesipovkt@microsoft.com,Little Rock,Arkansas,United States
Keelia,Barthram,kbarthramku@utexas.edu,Dallas,Texas,United States
Yolanthe,Kruszelnicki,ykruszelnickikv@naver.com,San Antonio,Texas,United States
Neile,Kneller,nknellerkw@wix.com,Syracuse,New York,United States
Edlin,Harm,eharmkx@ted.com,Boulder,Colorado,United States
Elka,Steadman,esteadmanky@dion.ne.jp,Shreveport,Louisiana,United States
Jana,Maylour,jmaylourkz@whitehouse.gov,Shawnee Mission,Kansas,United States
Kale,Lockyer,klockyerl0@gmpg.org,Miami Beach,Florida,United States
Ellswerth,Roust,eroustl1@themeforest.net,Irvine,California,United States
Verna,Musk,vmuskl2@weather.com,Apache Junction,Arizona,United States
Dawn,Pawel,dpawell3@facebook.com,Loretto,Minnesota,United States
Goldy,Piscot,gpiscotl4@archive.org,Washington,District of Columbia,United States
Brigid,Mardell,bmardelll5@myspace.com,Charlottesville,Virginia,United States
Trevar,Matthews,tmatthewsl6@bloglines.com,Van Nuys,California,United States
Gayle,McGeachy,gmcgeachyl7@ftc.gov,Fayetteville,North Carolina,United States
Pamelina,Camus,pcamusl8@cmu.edu,Washington,District of Columbia,United States
Buckie,Alexsandrov,balexsandrovl9@pagesperso-orange.fr,Pasadena,California,United States
Berty,Ivanishev,bivanishevla@e-recht24.de,Fayetteville,North Carolina,United States
Barbi,Allewell,ballewelllb@zdnet.com,Peoria,Illinois,United States
Christabel,Scoggan,cscogganlc@smugmug.com,Lubbock,Texas,United States
Gale,Dowling,gdowlingld@va.gov,Topeka,Kansas,United States
Sutherland,Bubb,sbubble@over-blog.com,Beaumont,Texas,United States
Eleen,Cutts,ecuttslf@deliciousdays.com,Young America,Minnesota,United States
Barnebas,Haskayne,bhaskaynelg@photobucket.com,Memphis,Tennessee,United States
Leora,Woolmer,lwoolmerlh@about.me,Houston,Texas,United States
Farra,Leward,flewardli@gnu.org,Tallahassee,Florida,United States
Karil,Fawssett,kfawssettlj@mlb.com,Dallas,Texas,United States
Julian,Pickton,jpicktonlk@symantec.com,San Francisco,California,United States
Hamil,Ferencz,hferenczll@fema.gov,Cincinnati,Ohio,United States
Taite,Anyon,tanyonlm@spotify.com,Roanoke,Virginia,United States
Tobey,Lyster,tlysterln@vk.com,Los Angeles,California,United States
Elnar,Darlaston,edarlastonlo@google.nl,Temple,Texas,United States
Selena,Lepper,slepperlp@mediafire.com,Jacksonville,Florida,United States
Herculie,Phant,hphantlq@alexa.com,South Bend,Indiana,United States
Karlen,Kleimt,kkleimtlr@arizona.edu,Charleston,South Carolina,United States
Lawrence,Gosselin,lgosselinls@boston.com,Washington,District of Columbia,United States
Hynda,Skipperbottom,hskipperbottomlt@squidoo.com,Los Angeles,California,United States
Catherin,Probbings,cprobbingslu@seesaa.net,Tucson,Arizona,United States
Galvin,Eardley,geardleylv@google.it,Boston,Massachusetts,United States
Maye,Bleasby,mbleasbylw@barnesandnoble.com,San Antonio,Texas,United States
Kristin,Marchington,kmarchingtonlx@flickr.com,South Bend,Indiana,United States
Robby,Litchmore,rlitchmorely@tuttocitta.it,New Orleans,Louisiana,United States
El,MacTague,emactaguelz@uol.com.br,Rockford,Illinois,United States
Emilia,Mathely,emathelym0@drupal.org,Richmond,Virginia,United States
April,Stirtle,astirtlem1@vistaprint.com,Dayton,Ohio,United States
Ashlee,Willsmore,awillsmorem2@tinypic.com,Seminole,Florida,United States
Care,Fatharly,cfatharlym3@goodreads.com,Macon,Georgia,United States
Carol-jean,O'Donohue,codonohuem4@nasa.gov,Miami,Florida,United States
Brand,Costain,bcostainm5@rakuten.co.jp,Kansas City,Missouri,United States
Sibyl,Amesbury,samesburym6@seattletimes.com,Lima,Ohio,United States
Craggy,Pettwood,cpettwoodm7@linkedin.com,Dallas,Texas,United States
Erica,Pannett,epannettm8@bluehost.com,Seattle,Washington,United States
Erda,McAlindon,emcalindonm9@icio.us,Columbia,South Carolina,United States
Lanae,Perico,lpericoma@thetimes.co.uk,Brockton,Massachusetts,United States
Nickey,Telling,ntellingmb@hud.gov,Honolulu,Hawaii,United States
Stormy,Ison,sisonmc@ed.gov,Berkeley,California,United States
Humberto,Paul,hpaulmd@flavors.me,Lexington,Kentucky,United States
Pamela,Bramsen,pbramsenme@livejournal.com,Levittown,Pennsylvania,United States
Sheree,Crookshanks,scrookshanksmf@mac.com,Denton,Texas,United States
Dick,Theakston,dtheakstonmg@issuu.com,Cape Coral,Florida,United States
Gerome,Sawney,gsawneymh@nhs.uk,Lincoln,Nebraska,United States
Willi,Dundon,wdundonmi@yandex.ru,Aurora,Colorado,United States
Beniamino,Abilowitz,babilowitzmj@oracle.com,Silver Spring,Maryland,United States
Brittney,Jahns,bjahnsmk@cbslocal.com,New Orleans,Louisiana,United States
Roxane,Mudge,rmudgeml@w3.org,Bloomington,Illinois,United States
Thomas,Courtonne,tcourtonnemm@earthlink.net,Birmingham,Alabama,United States
Roderic,Nathan,rnathanmn@goodreads.com,Springfield,Illinois,United States
Jillana,Ossulton,jossultonmo@harvard.edu,Phoenix,Arizona,United States
Marlena,Drance,mdrancemp@unicef.org,Baton Rouge,Louisiana,United States
Phyllis,Hoofe,phoofemq@ebay.com,El Paso,Texas,United States
Dorothy,La Padula,dlapadulamr@cbsnews.com,Reno,Nevada,United States
Winni,Mattea,wmatteams@fda.gov,Sioux Falls,South Dakota,United States
Franky,Reason,freasonmt@howstuffworks.com,Charlotte,North Carolina,United States
Lane,Napper,lnappermu@vk.com,Anaheim,California,United States
Fairlie,Henworth,fhenworthmv@nature.com,Las Vegas,Nevada,United States
Antonetta,Pagin,apaginmw@skyrock.com,Washington,District of Columbia,United States
Natty,Verma,nvermamx@webs.com,Salt Lake City,Utah,United States
Vivienne,Meake,vmeakemy@slashdot.org,Saint Augustine,Florida,United States
Branden,Cabena,bcabenamz@auda.org.au,Topeka,Kansas,United States
Farra,Domingues,fdominguesn0@japanpost.jp,Saint Louis,Missouri,United States
Manon,Castagnasso,mcastagnasson1@mapquest.com,New York City,New York,United States
Gris,Crunkhurn,gcrunkhurnn2@independent.co.uk,El Paso,Texas,United States
Tobe,Lydford,tlydfordn3@nbcnews.com,Huntsville,Alabama,United States
Stearne,Avramovich,savramovichn4@fotki.com,Washington,District of Columbia,United States
Coraline,Riepl,criepln5@yellowpages.com,Oklahoma City,Oklahoma,United States
Garvey,Du Fray,gdufrayn6@globo.com,Newton,Massachusetts,United States
Coralyn,Thickens,cthickensn7@sun.com,Phoenix,Arizona,United States
Lay,Shapiro,lshapiron8@china.com.cn,Reno,Nevada,United States
Annalee,Hendrich,ahendrichn9@uiuc.edu,Louisville,Kentucky,United States
Marje,Blankley,mblankleyna@bbb.org,Saint Paul,Minnesota,United States
Sisile,Hadden,shaddennb@simplemachines.org,Brockton,Massachusetts,United States
Rory,Scourfield,rscourfieldnc@4shared.com,Richmond,Virginia,United States
Ailey,Eseler,aeselernd@github.com,Atlanta,Georgia,United States
Sande,Hexham,shexhamne@e-recht24.de,Brea,California,United States
Garrott,Fydo,gfydonf@hc360.com,Flint,Michigan,United States
Tybalt,Baribal,tbaribalng@google.nl,Jersey City,New Jersey,United States
Horatio,Marikhin,hmarikhinnh@freewebs.com,Springfield,Missouri,United States
Aharon,Halbord,ahalbordni@redcross.org,Portland,Oregon,United States
Sax,Aherne,sahernenj@123-reg.co.uk,Norfolk,Virginia,United States
Giusto,Winckle,gwincklenk@ustream.tv,Irvine,California,United States
Mattias,Asson,massonnl@google.co.uk,Memphis,Tennessee,United States
Jenifer,Tante,jtantenm@is.gd,Kansas City,Missouri,United States
Cale,Stockney,cstockneynn@newyorker.com,Gainesville,Georgia,United States
Elihu,Grima,egrimano@businessinsider.com,Reno,Nevada,United States
Bobbie,Brenton,bbrentonnp@g.co,Riverside,California,United States
Gran,Klimpt,gklimptnq@wikia.com,Hicksville,New York,United States
Theresita,Basile,tbasilenr@tmall.com,Indianapolis,Indiana,United States
Andeee,Pulsford,apulsfordns@go.com,Pueblo,Colorado,United States
Koral,Westmarland,kwestmarlandnt@spiegel.de,Minneapolis,Minnesota,United States
Ginger,Clingoe,gclingoenu@webeden.co.uk,Erie,Pennsylvania,United States
Vincents,Soares,vsoaresnv@newyorker.com,Santa Cruz,California,United States
Scarface,Glaum,sglaumnw@gizmodo.com,Portland,Oregon,United States
Adora,Elger,aelgernx@abc.net.au,Saint Paul,Minnesota,United States
Miof mela,Sheasby,msheasbyny@multiply.com,Des Moines,Iowa,United States
Cyndi,Lutton,cluttonnz@unblog.fr,San Rafael,California,United States
Richmond,Monckton,rmoncktono0@patch.com,Dallas,Texas,United States
Elana,Lehenmann,elehenmanno1@soup.io,Los Angeles,California,United States
Gunar,Bellie,gbellieo2@tiny.cc,Arlington,Virginia,United States
Massimiliano,Mintram,mmintramo3@tiny.cc,Worcester,Massachusetts,United States
Bethina,Franciotti,bfranciottio4@dot.gov,Ogden,Utah,United States
Ignacius,Marte,imarteo5@imgur.com,Shreveport,Louisiana,United States
Tedie,Wilber,twilbero6@youtube.com,Lima,Ohio,United States
Rudiger,Sandwich,rsandwicho7@ebay.co.uk,Arlington,Texas,United States
Christian,Blasoni,cblasonio8@theglobeandmail.com,Springfield,Missouri,United States
Adan,Deesly,adeeslyo9@xrea.com,Los Angeles,California,United States
Kathe,Iskowitz,kiskowitzoa@yelp.com,Phoenix,Arizona,United States
Marguerite,Ivshin,mivshinob@spotify.com,Toledo,Ohio,United States
Phyllys,De Angelis,pdeangelisoc@chicagotribune.com,Omaha,Nebraska,United States
Ricca,Lorans,rloransod@taobao.com,Harrisburg,Pennsylvania,United States
Krystyna,Barthelet,kbartheletoe@toplist.cz,Henderson,Nevada,United States
Darrin,Izzett,dizzettof@princeton.edu,Jefferson City,Missouri,United States
Mercedes,Bolley,mbolleyog@newsvine.com,Columbia,South Carolina,United States
Conrado,Ovize,covizeoh@wiley.com,Milwaukee,Wisconsin,United States
Eda,Tedstone,etedstoneoi@berkeley.edu,Omaha,Nebraska,United States
Shanna,Aucoate,saucoateoj@sciencedirect.com,South Bend,Indiana,United States
Alisha,Huffer,ahufferok@google.nl,Orange,California,United States
Bord,Petheridge,bpetheridgeol@engadget.com,Jacksonville,Florida,United States
Sandor,Rains,srainsom@europa.eu,Syracuse,New York,United States
Ingar,Sedger,isedgeron@jalbum.net,Saint Louis,Missouri,United States
Jolynn,Robertucci,jrobertuccioo@newsvine.com,Sparks,Nevada,United States
Johnny,Crabbe,jcrabbeop@trellian.com,Fort Wayne,Indiana,United States
Thorny,Barnewall,tbarnewalloq@smh.com.au,Rockville,Maryland,United States
Allegra,Kiffe,akiffeor@wufoo.com,Tulsa,Oklahoma,United States
Camila,Fryett,cfryettos@pinterest.com,Helena,Montana,United States
Jaine,Binnes,jbinnesot@timesonline.co.uk,Orange,California,United States
Doreen,Kasperski,dkasperskiou@sfgate.com,Houston,Texas,United States
Crissie,Roomes,croomesov@wisc.edu,Jacksonville,Florida,United States
Orv,Matignon,omatignonow@wired.com,Toledo,Ohio,United States
Patricio,Gething,pgethingox@geocities.jp,New York City,New York,United States
Leigh,Kerans,lkeransoy@theglobeandmail.com,Boston,Massachusetts,United States
Erick,Lannon,elannonoz@flavors.me,Wilmington,Delaware,United States
Kennett,Wethers,kwethersp0@ning.com,Amarillo,Texas,United States
Chevalier,Hallen,challenp1@twitter.com,Sunnyvale,California,United States
Aldwin,Rideout,arideoutp2@archive.org,Lakeland,Florida,United States
Jordon,Orwell,jorwellp3@paginegialle.it,Kansas City,Missouri,United States
Kelvin,Dressel,kdresselp4@wiley.com,Orlando,Florida,United States
Wilmette,Sizzey,wsizzeyp5@etsy.com,Tulsa,Oklahoma,United States
Babara,Benford,bbenfordp6@google.de,Mobile,Alabama,United States
Onfre,Lerigo,olerigop7@bandcamp.com,Saginaw,Michigan,United States
Jase,Saggers,jsaggersp8@usatoday.com,Houston,Texas,United States
Nickolas,O'Connell,noconnellp9@tumblr.com,Lexington,Kentucky,United States
Marlo,Ramble,mramblepa@ed.gov,Dayton,Ohio,United States
Tonye,Wernher,twernherpb@vk.com,Baltimore,Maryland,United States
Helena,Wallace,hwallacepc@desdev.cn,Albany,New York,United States
Etty,Zanini,ezaninipd@stumbleupon.com,Pompano Beach,Florida,United States
Sonnie,Linggood,slinggoodpe@marketwatch.com,Saint Petersburg,Florida,United States
Heidi,Finch,hfinchpf@blogspot.com,Pensacola,Florida,United States
Roger,Jobey,rjobeypg@imgur.com,Gaithersburg,Maryland,United States
Puff,Ubsdale,pubsdaleph@businessweek.com,Louisville,Kentucky,United States
Jada,Money,jmoneypi@indiatimes.com,Washington,District of Columbia,United States
Guillemette,Henningham,ghenninghampj@ft.com,Naples,Florida,United States
Margi,Arkil,markilpk@wisc.edu,Kansas City,Missouri,United States
Mortie,Abbey,mabbeypl@homestead.com,Washington,District of Columbia,United States
Allix,Trounson,atrounsonpm@cyberchimps.com,Bakersfield,California,United States
Leonelle,Holdey,lholdeypn@1688.com,Oklahoma City,Oklahoma,United States
Bran,Ayree,bayreepo@bluehost.com,Washington,District of Columbia,United States
Hersh,Hazlewood,hhazlewoodpp@geocities.com,New Brunswick,New Jersey,United States
Hilda,Ferne,hfernepq@4shared.com,El Paso,Texas,United States
Courtenay,Crallan,ccrallanpr@diigo.com,Charlotte,North Carolina,United States
Agnola,Balnave,abalnaveps@flickr.com,Las Cruces,New Mexico,United States
Cassey,Battrum,cbattrumpt@npr.org,Lexington,Kentucky,United States
Zandra,Lemm,zlemmpu@msn.com,Van Nuys,California,United States
Adey,Gardener,agardenerpv@yolasite.com,Saint Louis,Missouri,United States
Valery,Hambidge,vhambidgepw@gnu.org,Tucson,Arizona,United States
Leontine,Jeafferson,ljeaffersonpx@fc2.com,Ridgely,Maryland,United States
Gloriane,Joinson,gjoinsonpy@elpais.com,Portland,Oregon,United States
Cord,Andriss,candrisspz@howstuffworks.com,Houston,Texas,United States
Benedicta,Trendle,btrendleq0@w3.org,Chattanooga,Tennessee,United States
Leeann,Baines,lbainesq1@sciencedaily.com,Cheyenne,Wyoming,United States
Haze,Coat,hcoatq2@nifty.com,Evansville,Indiana,United States
Lura,Corbert,lcorbertq3@bloglovin.com,Memphis,Tennessee,United States
Mattheus,Pheazey,mpheazeyq4@ask.com,Oklahoma City,Oklahoma,United States
Mercy,Garrattley,mgarrattleyq5@nifty.com,Harrisburg,Pennsylvania,United States
Taryn,Vanns,tvannsq6@microsoft.com,Cumming,Georgia,United States
Therese,Willford,twillfordq7@ebay.co.uk,Chesapeake,Virginia,United States
Valida,Clerk,vclerkq8@mlb.com,Detroit,Michigan,United States
Llewellyn,Blazey,lblazeyq9@hatena.ne.jp,Nashville,Tennessee,United States
Rocky,Rex,rrexqa@salon.com,Tacoma,Washington,United States
Mal,Nobes,mnobesqb@hostgator.com,Gary,Indiana,United States
Isabelita,Toffano,itoffanoqc@meetup.com,Washington,District of Columbia,United States
Daria,Whitefoot,dwhitefootqd@vinaora.com,New Orleans,Louisiana,United States
Dniren,Derx,dderxqe@myspace.com,San Bernardino,California,United States
Jedidiah,Tullis,jtullisqf@freewebs.com,Charlotte,North Carolina,United States
Emilio,Ashling,eashlingqg@de.vu,Los Angeles,California,United States
Yolanda,Orleton,yorletonqh@lulu.com,Denver,Colorado,United States
Corie,Boynton,cboyntonqi@technorati.com,Chattanooga,Tennessee,United States
Bethina,Smidmoor,bsmidmoorqj@businessweek.com,Seattle,Washington,United States
Sheilah,Pirri,spirriqk@barnesandnoble.com,Memphis,Tennessee,United States
Everard,Pabelik,epabelikql@statcounter.com,Tampa,Florida,United States
Anjanette,D'Aubney,adaubneyqm@jugem.jp,Roanoke,Virginia,United States
Gustavus,Oganian,goganianqn@g.co,Spring,Texas,United States
Syd,Rohfsen,srohfsenqo@wufoo.com,Maple Plain,Minnesota,United States
Alethea,MacGruer,amacgruerqp@dot.gov,Arlington,Virginia,United States
Janie,Crank,jcrankqq@sfgate.com,Tampa,Florida,United States
Kayne,Brownlee,kbrownleeqr@wikispaces.com,Grand Rapids,Michigan,United States
Harwilll,Brodley,hbrodleyqs@cdc.gov,Memphis,Tennessee,United States
Bartholomeo,Prigmore,bprigmoreqt@mediafire.com,Detroit,Michigan,United States
Drucill,Eaddy,deaddyqu@cbsnews.com,Garden Grove,California,United States
Abbey,Whitebread,awhitebreadqv@upenn.edu,Saint Paul,Minnesota,United States
Hanan,Canadine,hcanadineqw@mac.com,Huntington,West Virginia,United States
Gracie,Kunze,gkunzeqx@amazon.com,Southfield,Michigan,United States
Sigrid,Clelland,sclellandqy@fema.gov,Homestead,Florida,United States
Jocelyn,Paute,jpauteqz@state.tx.us,Panama City,Florida,United States
Tonya,Sandeford,tsandefordr0@symantec.com,Frankfort,Kentucky,United States
Keri,McQuillan,kmcquillanr1@state.gov,Trenton,New Jersey,United States
Coralyn,Helliwell,chelliwellr2@eepurl.com,Lexington,Kentucky,United States
Roxi,Capoun,rcapounr3@statcounter.com,Colorado Springs,Colorado,United States
Margy,Flaherty,mflahertyr4@tinyurl.com,Brooklyn,New York,United States
Batholomew,Lodovichi,blodovichir5@fotki.com,Seattle,Washington,United States
Paton,Stinton,pstintonr6@plala.or.jp,Oakland,California,United States
Brigg,Coneau,bconeaur7@sakura.ne.jp,Rockville,Maryland,United States
Jeni,Chate,jchater8@bloglovin.com,Richmond,Virginia,United States
Aylmar,Van der Merwe,avandermerwer9@histats.com,Houston,Texas,United States
Sebastian,Dowty,sdowtyra@businessweek.com,Greenville,South Carolina,United States
Hercules,Stredwick,hstredwickrb@51.la,Charlotte,North Carolina,United States
Ginnifer,Hevner,ghevnerrc@sourceforge.net,Salt Lake City,Utah,United States
Alphonso,Pietsma,apietsmard@walmart.com,Omaha,Nebraska,United States
Nicholas,Blasius,nblasiusre@ucsd.edu,Washington,District of Columbia,United States
Shelton,O'Cullen,socullenrf@posterous.com,Silver Spring,Maryland,United States
Fae,Kenny,fkennyrg@about.com,Charlotte,North Carolina,United States
Charissa,Parlet,cparletrh@ebay.com,Houston,Texas,United States
Eugenius,Nunns,enunnsri@youku.com,Washington,District of Columbia,United States
Werner,Oki,wokirj@bigcartel.com,Louisville,Kentucky,United States
Emelia,Aylett,eaylettrk@google.nl,Wilmington,Delaware,United States
Alec,Cutchee,acutcheerl@vkontakte.ru,Littleton,Colorado,United States
Fianna,Stonhouse,fstonhouserm@wikimedia.org,Rockville,Maryland,United States
Filbert,Timberlake,ftimberlakern@quantcast.com,Colorado Springs,Colorado,United States
Cory,Palfreyman,cpalfreymanro@ycombinator.com,Arlington,Texas,United States
Hort,Baudts,hbaudtsrp@cmu.edu,Sunnyvale,California,United States
Anni,Saffle,asafflerq@jiathis.com,Detroit,Michigan,United States
Brigid,Lahy,blahyrr@phpbb.com,Saint Petersburg,Florida,United States