Job ID,Agency,Business Title,Salary Range From,Salary Range To
456760,TAXI & LIMOUSINE COMMISSION,Prosecuting Attorney,62397,75760
441278,BOARD OF CORRECTION,Director of Information Technology,120000,150000
382675,LAW DEPARTMENT,BUDGET ANALYST,80000,80000
420708,DEPARTMENT OF CORRECTION,Investigator,56473,56473
394730,NYC HOUSING AUTHORITY,Lead Abatement Worker,45484,52307
228550,ADMIN FOR CHILDREN'S SVCS,Director of Senior Practice Consultation,58675,95000
455025,DEPARTMENT OF TRANSPORTATION,Civil Engineer - Level 1,67757,98128
285308,DEPT OF ENVIRONMENT PROTECTION,IT Support Technician,47692,69493
301985,POLICE DEPARTMENT,"Agency Attorney, Level III",73938,109153
426746,FINANCIAL INFO SVCS AGENCY,PEOPLESOFT ADMINISTRATOR,75000,125000
427536,FINANCIAL INFO SVCS AGENCY,Facility Operations Custodial Assistant,32260,44677
431312,TAXI & LIMOUSINE COMMISSION,Prosecuting Attorney,62397,75760
457073,CONSUMER AFFAIRS,Mediator and Intake Specialist,45428,52242
424227,FINANCIAL INFO SVCS AGENCY,Web Application Developer,100000,105000
456246,HOUSING PRESERVATION & DVLPMNT,Powerbuilder/.Net Programmer,81951,94244
425381,TAXI & LIMOUSINE COMMISSION,Programs Data Manager,62862,78000
457760,NYC HOUSING AUTHORITY,RESIDENT BUILDING SUPERINTENDENT (HA),60171,93630
456751,TAXI & LIMOUSINE COMMISSION,Prosecuting Attorney,63228,96526
441015,DEPARTMENT OF TRANSPORTATION,Deputy General Counsel,88936,223761
440244,NYC HOUSING AUTHORITY,Senior Writer,79620,110000
454893,OFFICE OF EMERGENCY MANAGEMENT,"PROGRAM MANAGER, STRATEGIC PROGRAMS",65000,79000
430249,DEPT OF HEALTH/MENTAL HYGIENE,"Program Analyst, Office of the Chief Operating Officer, Race to Justice",54100,70000
419921,HUMAN RIGHTS COMMISSION,Associate Human Rights Specialist,56746,65258
430302,OFF OF PAYROLL ADMINISTRATION,Help Desk Level 1 Representative,32850,48940
235309,DEPT OF HEALTH/MENTAL HYGIENE,"Pest Control Aide, Bureau of Veterinary and Pest Control Services",26457,32665
454893,OFFICE OF EMERGENCY MANAGEMENT,"PROGRAM MANAGER, STRATEGIC PROGRAMS",65000,79000
440547,OFFICE OF EMERGENCY MANAGEMENT,CONTINUITY OF OPERATIONS DIRECTOR,95000,124500
420423,NYC EMPLOYEES RETIREMENT SYS,Certified IT Administrator (LAN/WAN) Level II,82884,95317
457476,DEPT OF ENVIRONMENT PROTECTION,Payment Analyst,56013,89610
447661,OFFICE OF THE COMPTROLLER,Senior Contract Analyst,65000,75000
455550,ADMIN FOR CHILDREN'S SVCS,Chief Operating Officer,135000,150000
389181,NYC HOUSING AUTHORITY,Housing Assistant,36396,58987
434223,DEPT OF HEALTH/MENTAL HYGIENE,"Public Health Inspection, Food Safety and Community Sanitation",45722,52580
389467,NYC HOUSING AUTHORITY,DEPUTY DIRECTOR -  Strategic Initiatives &Analysis,56990,156829
432978,HUMAN RIGHTS COMMISSION,Agency Attorney 2,71423,82137
237577,ADMIN FOR CHILDREN'S SVCS,Senior Budget Analyst,63817,95022
440633,TAXI & LIMOUSINE COMMISSION,Assistant Commissioner for Licensing & Standards,100000,131000
395999,LAW DEPARTMENT,Certified IT Developer (Applications) Level 3,89509,126575
378814,NYC EMPLOYEES RETIREMENT SYS,COMPUTER SPECIALIST (SOFTWARE),89509,116126
296939,LAW DEPARTMENT,Service Desk Manager,57223,85259
391494,DEPT OF HEALTH/MENTAL HYGIENE,Criminalist III,79802,79802
389713,LAW DEPARTMENT,PARALEGAL AIDE - LEVEL 2,41939,58688
389713,LAW DEPARTMENT,PARALEGAL AIDE - LEVEL 2,41939,58688
348287,DEPT OF HEALTH/MENTAL HYGIENE,Forensic Pathology Technician,46056,61357
455426,DEPT OF YOUTH & COMM DEV SRVS,Program Manager,60193,90704
457956,TEACHERS RETIREMENT SYSTEM,Contact Center Manager,80931,110000
454437,OFFICE OF MANAGEMENT & BUDGET,Executive  Front Office Executive Operations Analyst,46856,62480
455319,DEPT OF YOUTH & COMM DEV SRVS,Program Manager,60193,90704
456398,OFFICE OF MANAGEMENT & BUDGET,Analyst  Program and Policy,46856,84395
443448,MAYORS OFFICE OF CONTRACT SVCS,"Deputy CTO/Associate Director, Enterprise Data Solutions",130000,165000
455254,HOUSING PRESERVATION & DVLPMNT,Release Associate,73358,84362
457587,CONSUMER AFFAIRS,Vending Operations Manager,58695,67499
434206,DEPT OF HEALTH/MENTAL HYGIENE,"Public Health Inspector, Food Safety and Community Sanitation",45722,52580
431234,TAXI & LIMOUSINE COMMISSION,Driver Services Agent,38333,63794
231945,ADMIN FOR CHILDREN'S SVCS,Quality Improvement Specialist,48895,75900
455903,DEPARTMENT OF CORRECTION,Director of Legislative Affairs,83158,95632
457685,NYC HOUSING AUTHORITY,SUPERVISOR,62475,78345
243640,ADMIN FOR CHILDREN'S SVCS,Juvenile Justice Trainer,53051,145991
439342,NYC EMPLOYEES RETIREMENT SYS,COMPUTER SPECIALIST (SOFTWARE),98901,136951
457598,DEPT OF INFO TECH & TELECOMM,Cyber Command Procurement Liaison,58152,74479
440091,DEPARTMENT FOR THE AGING,Aging Specialist (Per-Diem),29.6114,34.0531
398460,DEPT OF HEALTH/MENTAL HYGIENE,Contracts Officer,61938,144145
457261,NYC HOUSING AUTHORITY,PROCUREMENT ANALYST,41395,70212
439867,DEPT OF YOUTH & COMM DEV SRVS,Program Manager,60193,80000
354733,LAW DEPARTMENT,Clerical Associate,33875,54879
316959,LAW DEPARTMENT,Office Manager (Brooklyn),33875,54879
455493,DEPT OF YOUTH & COMM DEV SRVS,Deputy Director of Special Initiatives,58700,85000
434704,DEPT OF HEALTH/MENTAL HYGIENE,"Field Doctor, Bureau of School Health",73.37,78.59
399955,PUBLIC ADMINISTRATOR-NEW YORK,BOOKKEEPER,37243,49349
436896,DEPT OF INFO TECH & TELECOMM,Cyber Senior Audit Analyst,78795,110000
457825,NYC HOUSING AUTHORITY,Assistant Mechanical Engineer,57078,85646
132292,NYC HOUSING AUTHORITY,Maintenance Worker - Technical Services-Heating Unit,51907.68,54580.32
453042,OFFICE OF MANAGEMENT & BUDGET,Unit Head / Deputy Assistant Director  Capital Program Scope Development (CPSD),98388,192152
209609,DEPT OF HEALTH/MENTAL HYGIENE,"Office Clerk AOT, Bureau of Mental Health",28965,43152
427844,DEPT OF HEALTH/MENTAL HYGIENE,"NFP Home Nurse Visitor,  Bureau of Maternal Infant and Reproductive Health",88780,88780
458131,DISTRICT ATTORNEY KINGS COUNTY,Senior Digital Forensic Analyst,84468,111003
454703,DEPT OF HEALTH/MENTAL HYGIENE,"Laboratory Microbiologist, Bureau of the Public Health Laboratory",52902,68040
457844,NYC HOUSING AUTHORITY,Assistant Electrical Engineer,57078,85646
429922,LAW DEPARTMENT,Paralegal Aide,43197,49677
133921,NYC HOUSING AUTHORITY,Temporary Painter,35,35
442016,FINANCIAL INFO SVCS AGENCY,DISASTER RECOVERY ANALYST,75000,100000
434933,POLICE DEPARTMENT,IT Security Specialist,0,75000
433902,DEPT OF HEALTH/MENTAL HYGIENE,"HEAT Coordinator, Bureau of Health Promotion of Justice Impacted Populations",51079,72623
455999,HRA/DEPT OF SOCIAL SERVICES,JUNIOR OPERATOR,44404,65888
434176,OFF OF PAYROLL ADMINISTRATION,College Aide L1,15.5,19.9
268880,ADMIN FOR CHILDREN'S SVCS,Director of Child Protective Audits,60435,103044
281906,LAW DEPARTMENT,Clerical Supervisor (ICSU),33875,54879
219112,NYC HOUSING AUTHORITY,MAINTENANCE WORKER,51907.68,54580.32
376049,LAW DEPARTMENT,Data Analyst,58152,74479
434881,TAXI & LIMOUSINE COMMISSION,Operations Analyst,54100,66000
457611,CONSUMER AFFAIRS,AGENCY ATTORNEY,63228,72712
457658,LAW DEPARTMENT,Deputy Commissioner/General Counsel,130000,130000
434936,DISTRICT ATTORNEY RICHMOND COU,Assistant District Attorney,0,130000
427536,FINANCIAL INFO SVCS AGENCY,Facility Operations Custodial Assistant,32260,44677
440505,OFFICE OF EMERGENCY MANAGEMENT,PLANNING PROGRAM MANAGER,65000,79500
425375,TAXI & LIMOUSINE COMMISSION,Programs Data Manager,54100,78000
445531,OFFICE OF THE COMPTROLLER,Public Markets Middle Office Analyst (2 positions),70000,80000
455407,NYC EMPLOYEES RETIREMENT SYS,ADMINISTRATIVE STAFF ANALYST (NON-MANAGERIAL),62862,97873
456837,TAXI & LIMOUSINE COMMISSION,Operations Analyst,58152,74479
384600,HUMAN RIGHTS COMMISSION,SUPERVISING ATTORNEY,56990,95000
398096,NYC HOUSING AUTHORITY,MAINTENANCE WORKER,27.58,29
457922,HOUSING PRESERVATION & DVLPMNT,Digital Communications Director,40000,200000
442360,DEPARTMENT OF TRANSPORTATION,Diversity Specialist,54100,83981
455951,HRA/DEPT OF SOCIAL SERVICES,STAFF NURSE,82071,82071
445329,DEPT OF INFO TECH & TELECOMM,Cyber Strategic Intelligence Anaylst,78795,113300
457087,CONSUMER AFFAIRS,Deputy Director of Consumer Services,58700,80000
348287,DEPT OF HEALTH/MENTAL HYGIENE,Forensic Pathology Technician,46056,61357
380943,NYC HOUSING AUTHORITY,CARETAKER J,29636,43079
209609,DEPT OF HEALTH/MENTAL HYGIENE,"Office Clerk AOT, Bureau of Mental Health",28965,43152
430249,DEPT OF HEALTH/MENTAL HYGIENE,"Program Analyst, Office of the Chief Operating Officer, Race to Justice",54100,70000
427472,DEPARTMENT OF INVESTIGATION,Investigator,50000,55055
443881,NYC EMPLOYEES RETIREMENT SYS,CERTIFIED IT DEVELOPER (APPLICATIONS),81951,111330
133921,NYC HOUSING AUTHORITY,Temporary Painter,35,35
451777,OFFICE OF THE COMPTROLLER,Director - Diversity & Inclusion and Emerging Manager Strategy,120000,140000
424469,DEPARTMENT OF CORRECTION,Voice Communication Specialist,81951,94244
235309,DEPT OF HEALTH/MENTAL HYGIENE,"Pest Control Aide, Bureau of Veterinary and Pest Control Services",26457,32665
379094,NYC EMPLOYEES RETIREMENT SYS,CERTIFIED IT DEVELOPER (APPLICATIONS),82884,116391
458099,NYC EMPLOYEES RETIREMENT SYS,AGENCY ATTORNEY,71423,107032
230974,ADMIN FOR CHILDREN'S SVCS,Best Practices Coach,66000,89008
441327,FINANCIAL INFO SVCS AGENCY,Mainframe System Programmer,110000,130000
445957,DEPT OF HEALTH/MENTAL HYGIENE,Chief of Health and Safety,84468,104909.04
171040,DEPT OF HEALTH/MENTAL HYGIENE,"Clerical Associate, Bureau of Communicable Diseases",32086,51981
428507,DEPT OF HEALTH/MENTAL HYGIENE,"Triage Supervisor, Bureau of Health Promotion of Justice Impacted Populations",73027,90000
441583,DEPARTMENT OF TRANSPORTATION,City Laborer,290,290
235793,LAW DEPARTMENT,Law Student,35213,40495
357984,BUSINESS INTEGRITY COMMISSION,Computer Systems Manager,80000,85000
456045,DEPT OF YOUTH & COMM DEV SRVS,Budget Analyst,54100,83981
457622,DEPT OF INFO TECH & TELECOMM,Deputy CISO - Urban Technology,88936,220000
357984,BUSINESS INTEGRITY COMMISSION,Computer Systems Manager,80000,85000
234921,NYC EMPLOYEES RETIREMENT SYS,CERTIFIED IT ADMINISTRATOR (LAN/WAN),72260,98163
367690,DEPT OF HEALTH/MENTAL HYGIENE,Software Developer,69618,80061
448516,OFFICE OF THE COMPTROLLER,SIO- Public Equity,160000,175000
267594,LAW DEPARTMENT,F/T Computer Aide,38157,49394
452151,NYC HOUSING AUTHORITY,Civil Litigation General Litigation Agency Attorney Level III,79620,117541
441992,HUMAN RIGHTS COMMISSION,Chief of Staff,58700,161534
457905,NYC HOUSING AUTHORITY,Strategic Operations Analyst,54100,83981
266529,LAW DEPARTMENT,Student Legal Specialist,36270,41710
446207,OFF OF PAYROLL ADMINISTRATION,Payroll Funding Bookkeeper,46700,68092
456510,NYC HOUSING AUTHORITY,Housing Development Construction Coordinator,74650,109409
458268,FINANCIAL INFO SVCS AGENCY,CONTENT PRODUCER,58839,75000
457875,NYC EMPLOYEES RETIREMENT SYS,COMPUTER SYSTEMS MANAGER,72038,192152
457808,NYC EMPLOYEES RETIREMENT SYS,CERTIFIED IT ADMINISTRATOR (LAN/WAN),81951,111330
456397,DEPT OF ENVIRONMENT PROTECTION,Procurement Analyst III,60010,100875
439675,NYC HOUSING AUTHORITY,PLUMBER'S HELPER,36.95,36.95
431033,HUMAN RIGHTS COMMISSION,Program & Policy Specialist for Racial and Restorative Justice,58449,67216
457833,CONSUMER AFFAIRS,Assistant Director of Mediation,58695,67499
446206,OFFICE OF THE COMPTROLLER,Account Management Analyst,49000,60000
447904,OFFICE OF THE COMPTROLLER,IT and Security Auditor,65000,77250
242091,DEPT OF HEALTH/MENTAL HYGIENE,"CATCH School Nurse,  Bureau of School Health/SH Reproductive Health",32.11,36.93
458064,NYC HOUSING AUTHORITY,Deputy Director Records Management,72038,192152
456365,HRA/DEPT OF SOCIAL SERVICES,DEPUTY DIRECTOR OF THE VENDOR INTEGRITY UNIT,65232,151810
455879,NYC HOUSING AUTHORITY,Press Secretary,37846,59848
456730,CONSUMER AFFAIRS,Staff Counsel,71423,82137
379096,NYC EMPLOYEES RETIREMENT SYS,COMPUTER SPECIALIST (SOFTWARE),89509,116126
387919,DEPT OF DESIGN & CONSTRUCTION,Claims Analyst,58152,74479
436642,TAXI & LIMOUSINE COMMISSION,Applicant Licensing Specialist,36390,58953
456511,DISTRICT ATTORNEY RICHMOND COU,Senior Detective Investigator,72957,73026
427885,TAXI & LIMOUSINE COMMISSION,Taxi and Limousine Inspector - Enforcement,45658,45658
457400,DEPARTMENT OF PROBATION,Human Resources Specialist,36390,58953
450998,DEPARTMENT OF INVESTIGATION,Investigator,45113,50000
203387,DEPT OF HEALTH/MENTAL HYGIENE,"Public Health Advisor, Bureau of STD Prevention and Control",18.8112,24.2923
405753,HUMAN RIGHTS COMMISSION,Discriminatory Harassment Investigator,47933,55123
358147,DEPT OF HEALTH/MENTAL HYGIENE,"Supervising Health Nurse, Bureau of School Health/SH Nursing Services & Prof Dev",73576,73576
455952,HRA/DEPT OF SOCIAL SERVICES,STAFF NURSE,82071,82071
456701,DISTRICT ATTORNEY KINGS COUNTY,CHIEF RACKETS INVESTIGATOR,64922,173486
381492,NYC HOUSING AUTHORITY,Community Associate,52000,61936
228550,ADMIN FOR CHILDREN'S SVCS,Director of Senior Practice Consultation,58675,95000
455796,DEPARTMENT OF INVESTIGATION,Director of Data Analytics,95000,110000
440547,OFFICE OF EMERGENCY MANAGEMENT,CONTINUITY OF OPERATIONS DIRECTOR,95000,124500
434939,DISTRICT ATTORNEY RICHMOND COU,Assistant District Attorney - Criminal Court,0,69616
456552,POLICE DEPARTMENT,"Paralegal Aide, Level I",37611,43253
457369,OFFICE OF MANAGEMENT & BUDGET,Analyst  Health and Mental Hygiene (DOHMH),46856,62480
441687,OFFICE OF EMERGENCY MANAGEMENT,DIRECTOR OF FINANCIAL RECOVERY & COMPLIANCE,95000,124500
268905,ADMIN FOR CHILDREN'S SVCS,Supervisor/Auditors of Accountability and Audit Unit,54643,94478
457181,NYC HOUSING AUTHORITY,SENIOR STRATEGIC PROJECT MANAGER,54643,144268
243816,ADMIN FOR CHILDREN'S SVCS,IT Infrastructure Project Manager,74066,92308
439357,DEPT OF HEALTH/MENTAL HYGIENE,"Java Developer, Bureau of Application Development and Database Administration",75000,94244
352087,NYC EMPLOYEES RETIREMENT SYS,ASSOCIATE STAFF ANALYST,65731,80000
438267,DEPT OF HEALTH/MENTAL HYGIENE,"Hotline Representative, Bureau of Immunization",39096,48556.8
457084,HOUSING PRESERVATION & DVLPMNT,Executive Director of Homeownership Initiatives,110000,120000
457525,NYC HOUSING AUTHORITY,Deputy Director of the Fund for Public Housing,72038,100000
443421,NYC HOUSING AUTHORITY,"PROJECT MANAGER, RESIDENT BUSINESS DEVELOPMENT",54100,83981
393911,DEPARTMENT OF CORRECTION,"Director, Borough Based Jail System",100000,110000
442559,NYC HOUSING AUTHORITY,CARETAKER X (HA),30909,44930
457998,CONSUMER AFFAIRS,"Deputy Commissioner, Office of Financial Empowerment",106729,150000
434933,POLICE DEPARTMENT,IT Security Specialist,0,75000
421692,TAXI & LIMOUSINE COMMISSION,Prosecuting Attorney,62397,71757
455702,CONSUMER AFFAIRS,Staff Counsel,71423,82137
429940,TAXI & LIMOUSINE COMMISSION,"Call Center, Correspondence, and Lost Property Agent",38333,63794
242877,LAW DEPARTMENT,Claim Specialist,37492,59863
242877,LAW DEPARTMENT,Claim Specialist,37492,59863
458300,OFFICE OF THE COMPTROLLER,Director - Diversity & Inclusion and EMERGING MANAGER STRATEGY,120000,140000
457852,CULTURAL AFFAIRS,"Assistant Commissioner, Program Services",58700,132870
436199,NYC HOUSING AUTHORITY,CONSRUCTION FIELD SUPERVISOR,72063,122168
446903,DEPARTMENT FOR THE AGING,"Deputy Director, Press & Public Information",63301,75000
347238,POLICE DEPARTMENT,Investigator Trainee,30028,42505
431301,TAXI & LIMOUSINE COMMISSION,Education Analyst,54100,68437
457998,CONSUMER AFFAIRS,"Deputy Commissioner, Office of Financial Empowerment",106729,150000
300626,POLICE DEPARTMENT,Stock Worker Level II,34350,51360
454951,DEPARTMENT OF CORRECTION,"Assistant Commissioner, Office of Equal Employment Opportunity",130000,150000
442066,POLICE DEPARTMENT,Director of Technology Development,80931,208826
445329,DEPT OF INFO TECH & TELECOMM,Cyber Strategic Intelligence Anaylst,78795,113300
438843,LAW DEPARTMENT,Clerk (part time),19.9179,32.2677
456709,TEACHERS RETIREMENT SYSTEM,Operational Process Manager,72038,100000
255500,DEPT OF HEALTH/MENTAL HYGIENE,"Instructor, Division of Environmental Health, Bureau of Environmental Administration (Health Academy)",54457,84641
457366,OFFICE OF MANAGEMENT & BUDGET,Analyst  Intergovernmental Relations,46856,70291
457769,NYC HOUSING AUTHORITY,Payment Analyst,41525,70428
454177,ADMIN TRIALS AND HEARINGS,Administrative Law Judge,161195,161195
447682,OFFICE OF THE COMPTROLLER,Assistant Mechanical Engineer (Construction Classification),57078,65640
137433,DEPT OF HEALTH/MENTAL HYGIENE,Contract Analyst,50598,85053
439792,DEPARTMENT OF INVESTIGATION,Inspector General,120000,144626
436863,TAXI & LIMOUSINE COMMISSION,Policy Analyst  - Data and Technology,54100,83981
458259,OFFICE OF THE COMPTROLLER,Specialized Contract Analyst,50000,65000
439139,DEPARTMENT OF CORRECTION,Agency Attorney,71423,91563
445309,DEPT OF INFO TECH & TELECOMM,Cyber Audit Analyst,78795,113300
426767,TAXI & LIMOUSINE COMMISSION,Driver Assistance Center Intake Specialist,38333,60000
447682,OFFICE OF THE COMPTROLLER,Assistant Mechanical Engineer (Construction Classification),57078,65640
436896,DEPT OF INFO TECH & TELECOMM,Cyber Senior Audit Analyst,78795,110000
233549,NYC EMPLOYEES RETIREMENT SYS,"CERTIFIED IT ADMINISTRATOR (LAN/WAN), LEVEL 4",87203,131623
454557,DEPT OF HEALTH/MENTAL HYGIENE,"Public Health Nurse, Bureau of School Health",42.01,42.01
445946,DEPT OF ENVIRONMENT PROTECTION,Payment Analyst,51511,74878
423749,NYC HOUSING AUTHORITY,Senior Compliance Advisor,58700,161534
426762,TAXI & LIMOUSINE COMMISSION,Data Support Analyst,44404,65888
373748,NYC EMPLOYEES RETIREMENT SYS,ADMINISTRATIVE MANAGEMENT AUDITOR,130000,224749
443163,NYC HOUSING AUTHORITY,ELEVATOR MECHANIC HELPER,31,31
455248,NYC HOUSING AUTHORITY,CONFIDENTIAL INVESTIGATOR,45113,64693
453182,DEPT OF HEALTH/MENTAL HYGIENE,Regional Mass Fatality Management Coordinator,58152,65000
445531,OFFICE OF THE COMPTROLLER,Public Markets Middle Office Analyst (2 positions),70000,80000
387919,DEPT OF DESIGN & CONSTRUCTION,Claims Analyst,58152,74479
439675,NYC HOUSING AUTHORITY,PLUMBER'S HELPER,36.95,36.95
440823,NYC HOUSING AUTHORITY,Senior Project Manager,74650,109409
440495,OFFICE OF EMERGENCY MANAGEMENT,MITIGATION PROGRAM MANAGER,65000,79500
293033,NYC HOUSING AUTHORITY,Deputy Press Secretary,60000,75000
448112,DEPT OF INFO TECH & TELECOMM,Cyber Associate Security Engineer,54281,77250
455796,DEPARTMENT OF INVESTIGATION,Director of Data Analytics,95000,110000
403522,BUSINESS INTEGRITY COMMISSION,Agency Attorney,70000,80000
442141,OFFICE OF THE COMPTROLLER,Deputy Director of Contracts (BAM),90000,110000
438267,DEPT OF HEALTH/MENTAL HYGIENE,"Hotline Representative, Bureau of Immunization",39096,48556.8
441327,FINANCIAL INFO SVCS AGENCY,Mainframe System Programmer,110000,130000
457929,NYC EMPLOYEES RETIREMENT SYS,"ADMINISTRATIVE RETIREMENT BENEFITS SPECIALIST, M-5",88936,223761
455550,ADMIN FOR CHILDREN'S SVCS,Chief Operating Officer,135000,150000
251310,LAW DEPARTMENT,Paralegal Assistant Supervisor,39041,54633
457288,NYC HOUSING AUTHORITY,"Deputy Director, Procurement and Payments",64922,173486
425693,LAW DEPARTMENT,Clerical Associate Part Time,19.9179,22.9053
424356,FINANCIAL INFO SVCS AGENCY,Windows Technical Project Manager,120000,150000
458106,NYC HOUSING AUTHORITY,Urban/Architectural Designer,74650,109409
428252,TAXI & LIMOUSINE COMMISSION,Deputy Commissioner of Policy,155000,205000
442583,DEPARTMENT OF PROBATION,Chief Information Officer,0,160000
456028,OFFICE OF MANAGEMENT & BUDGET,Analyst  DOE Revenue,46856,62480
429953,TAXI & LIMOUSINE COMMISSION,Administrative Assistant to the Deputy Commissioner for Uniformed Services Bureau,38333,63794
457775,OFFICE OF MANAGEMENT & BUDGET,Analyst  DevOPS and Application Development,62480,70291
457564,NYC HOUSING AUTHORITY,Quality Assurance Manager,58700,161534
381081,DEPT OF YOUTH & COMM DEV SRVS,"Outcome Specialist, Contract Development & Validation",58440,69000
436852,FINANCIAL INFO SVCS AGENCY,DATA ARCHITECT,125000,132000
432041,ADMIN FOR CHILDREN'S SVCS,"Deputy Commissioner, Child and Family Well-Being",106729,230000
421783,HUMAN RIGHTS COMMISSION,Agency Attorney 1,63228,72712
349516,ADMIN FOR CHILDREN'S SVCS,Conference Facilitator,67980,82093
456705,CONSUMER AFFAIRS,Executive Agency Counsel,80931,128871
444520,DEPARTMENT OF INVESTIGATION,Director of Outreach,75000,96000
455029,DEPT OF ENVIRONMENT PROTECTION,Business Specialist,53057,77124
445309,DEPT OF INFO TECH & TELECOMM,Cyber Audit Analyst,78795,113300
424572,HUMAN RIGHTS COMMISSION,Procurement & Compliance Analyst,54100,80000
443881,NYC EMPLOYEES RETIREMENT SYS,CERTIFIED IT DEVELOPER (APPLICATIONS),81951,111330
431301,TAXI & LIMOUSINE COMMISSION,Education Analyst,54100,68437
239048,ADMIN FOR CHILDREN'S SVCS,APA Foster Care Program Evaluator,60049,89008
456326,ADMIN TRIALS AND HEARINGS,Clerical Associate,32850,37777
458285,OFFICE OF THE COMPTROLLER,Investment Officer- Public Equity,110000,133900
446535,DEPT OF HEALTH/MENTAL HYGIENE,"Deputy Commissioner, Center for Health Equity & Community Wellness (CHECW)",97830,231974
347589,DEPT OF HEALTH/MENTAL HYGIENE,Clerical Associate III,33875,54879
187714,ADMIN FOR CHILDREN'S SVCS,Network Engineer I LAN/WAN,72260,98163
426961,TAXI & LIMOUSINE COMMISSION,Prosecuting Attorney,62397,75760
434881,TAXI & LIMOUSINE COMMISSION,Operations Analyst,54100,66000
316149,NYC HOUSING AUTHORITY,Construction Safety and Quality Inspector,67083,113725
434879,TAXI & LIMOUSINE COMMISSION,Data Analyst,54100,83981
455025,DEPARTMENT OF TRANSPORTATION,Civil Engineer - Level 1,67757,98128
283075,NYC HOUSING AUTHORITY,PLASTERER (HOUSING AUTH-40 HRS,44.82,44.82
423941,HUMAN RIGHTS COMMISSION,Agency Attorney I,63228,72712
434832,OFF OF PAYROLL ADMINISTRATION,Help Desk Level 1 Representative,37413,60310
445528,OFFICE OF THE COMPTROLLER,"Group Head, Public Markets Middle Office",85000,95000
427878,TAXI & LIMOUSINE COMMISSION,Analyst - Business Practices Accountability Unit,54100,68000
455916,DEPT OF INFO TECH & TELECOMM,"Director, Enterprise Unified Collaboration Engineering",58700,143398
430191,NYC HOUSING AUTHORITY,Structural Engineer,80557,111917
456741,TAXI & LIMOUSINE COMMISSION,Assistant Commissioner of Enforcement,140000,160000
450553,DEPARTMENT OF CORRECTION,Chaplain (Jewish) (Part-Time),27.9267,32.1155
385235,LAW DEPARTMENT,MEDICOLEGAL ANALYST,61950,81801
432201,DEPARTMENT OF CORRECTION,Software Support Analyst,81951,94244
432201,DEPARTMENT OF CORRECTION,Software Support Analyst,81951,94244
415211,DEPARTMENT OF CORRECTION,Data Analyst,73305,84301
458110,OFFICE OF THE COMPTROLLER,Chief Risk Officer,250000,265000
453153,DEPARTMENT OF INVESTIGATION,Deputy Inspector General,63301,101631
442016,FINANCIAL INFO SVCS AGENCY,DISASTER RECOVERY ANALYST,75000,100000
308043,POLICE DEPARTMENT,"Administrative Contract Specialist, M-I",54643,150371
435593,DEPARTMENT OF CORRECTION,Policy Analyst,54100,62215
354234,DEPT OF HEALTH/MENTAL HYGIENE,Stationary Engineer,60.84,60.84
424144,LAW DEPARTMENT,Executive Assistant,50000,50000
434176,OFF OF PAYROLL ADMINISTRATION,College Aide L1,15.5,19.9
455282,DEPT OF YOUTH & COMM DEV SRVS,Staff Auditor,54100,83981
389181,NYC HOUSING AUTHORITY,Housing Assistant,36396,58987
399521,NYC HOUSING AUTHORITY,Associate Program Manager,37217,61936
442141,OFFICE OF THE COMPTROLLER,Deputy Director of Contracts (BAM),90000,110000
385306,DEPT OF HEALTH/MENTAL HYGIENE,"Bilingual NFP Nurse Home Visitor, Bureau of Maternal Infant and Reproductive Health",86194,86194
456301,CONSUMER AFFAIRS,Assistant General Counsel,79620,91563
234203,ADMIN FOR CHILDREN'S SVCS,Business and Data Analyst Manager,63817,95022
421124,TAXI & LIMOUSINE COMMISSION,Program Data Analyst,54100,62215
456924,POLICE DEPARTMENT,Senior Police Administrative Aide,43929,57093
452151,NYC HOUSING AUTHORITY,Civil Litigation General Litigation Agency Attorney Level III,79620,117541
394470,NYC HOUSING AUTHORITY,Project Manager,55416,83151
456351,TEACHERS RETIREMENT SYSTEM,Senior Auditor,64857,98100
440505,OFFICE OF EMERGENCY MANAGEMENT,PLANNING PROGRAM MANAGER,65000,79500
451475,NYC HOUSING AUTHORITY,AGENCY ATTORNEY 03,79620,117541
269889,POLICE DEPARTMENT,"Quality Assurance Manager, Crime Scene Unit, M-II",60435,161497
434936,DISTRICT ATTORNEY RICHMOND COU,Assistant District Attorney,0,130000
457692,NYC HOUSING AUTHORITY,Community Associate,63794,63794
457563,NYC HOUSING AUTHORITY,"Deputy Director, Desktop & Devices",72038,192152
455069,HOUSING PRESERVATION & DVLPMNT,Quality Assurance Analyst,85371,98177
458109,NYC EMPLOYEES RETIREMENT SYS,AGENCY ATTORNEY,79620,117541
434424,OFF OF PAYROLL ADMINISTRATION,Learning & Training Development Specialist,54638,83500
349030,DEPARTMENT OF PROBATION,Buyer,38534,65360
436316,TAXI & LIMOUSINE COMMISSION,Radio Room Operator,21.9436,29.5665
378703,NYC EMPLOYEES RETIREMENT SYS,CERTIFIED IT ADMINISTRATOR (LAN/WAN),82884,116391
435308,TAXI & LIMOUSINE COMMISSION,Assistant FOIL Officer,38333,63794
433902,DEPT OF HEALTH/MENTAL HYGIENE,"HEAT Coordinator, Bureau of Health Promotion of Justice Impacted Populations",51079,72623
457680,NYC HOUSING AUTHORITY,"Manager, Project Management Office/Deputy Director",64922,173486
152738,LAW DEPARTMENT,Office Manager,30683,49707
248031,LAW DEPARTMENT,Senior Windows Administrator,64807,90202
384600,HUMAN RIGHTS COMMISSION,SUPERVISING ATTORNEY,56990,95000
456001,HRA/DEPT OF SOCIAL SERVICES,"Exec. Director, Bureau of Accts. Payable",67060,178873
457839,NYC EMPLOYEES RETIREMENT SYS,"CERTIFIED IT ADMINISTRATOR (LAN/WAN), LEVEL 2",85371,119883
453684,DEPT OF ENVIRONMENT PROTECTION,Principal Administrative Associate,47418,69462
434132,TAXI & LIMOUSINE COMMISSION,Senior Software Developer,92194,125000
424990,DEPARTMENT OF INVESTIGATION,Confidential Investigator,50000,55000
451777,OFFICE OF THE COMPTROLLER,Director - Diversity & Inclusion and Emerging Manager Strategy,120000,140000
390569,LAW DEPARTMENT,Supply Clerk,35330,40629
424660,OFF OF PAYROLL ADMINISTRATION,Transit Benefit Representative,54638,83500
170989,OFFICE OF COLLECTIVE BARGAININ,COLLEGE AIDE - CLERICAL,8.75,10.36
456676,DEPARTMENT OF TRANSPORTATION,E-Scooter Pilot Manager,54100,83981
416466,NYC HOUSING AUTHORITY,Field Inspector,55416,83151
420767,DEPARTMENT OF INVESTIGATION,Confidential Investigator,53956,60353
373602,FINANCIAL INFO SVCS AGENCY,HR PAYROLL ANALYST,75000,115000
432199,DEPARTMENT OF CORRECTION,SharePoint Developer,85371,98177
432199,DEPARTMENT OF CORRECTION,SharePoint Developer,85371,98177
458009,OFF OF PAYROLL ADMINISTRATION,Supervisor of Fiduciary Accounting,56013,89610
419921,HUMAN RIGHTS COMMISSION,Associate Human Rights Specialist,56746,65258
248031,LAW DEPARTMENT,Senior Windows Administrator,64807,90202
454818,LAW DEPARTMENT,Unit Chief of Timekeeping,62820,62820
403516,BUSINESS INTEGRITY COMMISSION,Executive Agency Counsel,90000,100000
432997,HUMAN RIGHTS COMMISSION,Agency Attorney I - Early Intervention Unit,63228,72712
450556,NYC HOUSING AUTHORITY,Senior Estimator (General,67757,98128
437211,DEPT OF HEALTH/MENTAL HYGIENE,"City Custodial Assistant, Bureau of Operations",15.4502,17.6796
385306,DEPT OF HEALTH/MENTAL HYGIENE,"Bilingual NFP Nurse Home Visitor, Bureau of Maternal Infant and Reproductive Health",86194,86194
426762,TAXI & LIMOUSINE COMMISSION,Data Support Analyst,44404,65888
446463,NYC HOUSING AUTHORITY,Exterminator,33558,54820
455481,TAXI & LIMOUSINE COMMISSION,Operations Analyst,54100,62215
373748,NYC EMPLOYEES RETIREMENT SYS,ADMINISTRATIVE MANAGEMENT AUDITOR,130000,224749
455456,DEPT OF HEALTH/MENTAL HYGIENE,"Public Health Inspector, Food Safety and Community Sanitation",45722,52580
456365,HRA/DEPT OF SOCIAL SERVICES,DEPUTY DIRECTOR OF THE VENDOR INTEGRITY UNIT,65232,151810
389883,DEPARTMENT OF CITY PLANNING,Human Capital Summer College Intern,17.5,17.5
456028,OFFICE OF MANAGEMENT & BUDGET,Analyst  DOE Revenue,46856,62480
456018,NYC HOUSING AUTHORITY,Community Planner,74650,109409
343779,DEPT OF HEALTH/MENTAL HYGIENE,"Supervising Health Nurse, Bureau of School Health/SH Nursing Services & Prof Dev",73576,73576
424454,DEPARTMENT OF CORRECTION,Desktop Support Technician,60550,69632
424677,FINANCIAL INFO SVCS AGENCY,WEB APPLICATION DEVELOPER,75000,110000
457461,HOUSING PRESERVATION & DVLPMNT,GIS Analyst,85371,98177
294977,POLICE DEPARTMENT,Staff Analyst Level II,58152,74479
436287,DEPT OF INFO TECH & TELECOMM,Public Safety Project Resource Manager,0,112000
276648,LAW DEPARTMENT,Clerical Supervisor (JD),33875,54879
457611,CONSUMER AFFAIRS,AGENCY ATTORNEY,63228,72712
457776,OFFICE OF MANAGEMENT & BUDGET,Analyst  Reporting and Applications Development,62480,70291
355490,NYC EMPLOYEES RETIREMENT SYS,CERTIFIED IT DEVELOPER (APPLICATIONS),85823,121363
457929,NYC EMPLOYEES RETIREMENT SYS,"ADMINISTRATIVE RETIREMENT BENEFITS SPECIALIST, M-5",88936,223761
458117,OFFICE OF THE COMPTROLLER,Lead - Public Markets,65000,75000
456151,DEPT OF HEALTH/MENTAL HYGIENE,"Citywide Assistance Team Coordinator,  Bureau of Mental Health",60132,82086
455493,DEPT OF YOUTH & COMM DEV SRVS,Deputy Director of Special Initiatives,58700,85000
355490,NYC EMPLOYEES RETIREMENT SYS,CERTIFIED IT DEVELOPER (APPLICATIONS),85823,121363
450648,DEPARTMENT OF SANITATION,AGENCY ATTORNEY III,79620,117541
197941,DEPT OF HEALTH/MENTAL HYGIENE,Public Health Nurse (School Health),32.11,36.93
308024,POLICE DEPARTMENT,Administrative Manager (Non-Mgrl),55590,150371
425375,TAXI & LIMOUSINE COMMISSION,Programs Data Manager,54100,78000
383142,DEPT OF HEALTH/MENTAL HYGIENE,"Chief Communications Officer, Office of the Commissioner",56990,125000
432393,DEPARTMENT OF CORRECTION,EXTERMINATOR,34027,47967
441695,DEPT OF ENVIRONMENT PROTECTION,Project Manager,49328,56727
455564,OFFICE OF THE COMPTROLLER,Legal Secretary- Litigation Division,42000,50000
231945,ADMIN FOR CHILDREN'S SVCS,Quality Improvement Specialist,48895,75900
452572,DEPT OF HEALTH/MENTAL HYGIENE,"Associate Laboratory Microbiologist, Bureau of Public Health Laboratory (Microbiology)",59394,75600
282117,POLICE DEPARTMENT,Staff Analyst,48620,66195
282117,POLICE DEPARTMENT,Staff Analyst,48620,66195
433913,DEPT OF INFO TECH & TELECOMM,Director of Cyber Policy,0,160000
315372,LAW DEPARTMENT,Secretary to Division Chief,43319,54913
455794,DEPARTMENT OF INVESTIGATION,Data Analyst,55000,60000
452572,DEPT OF HEALTH/MENTAL HYGIENE,"Associate Laboratory Microbiologist, Bureau of Public Health Laboratory (Microbiology)",59394,75600
230490,LAW DEPARTMENT,Computer Associate,55556,82776
442348,OFF OF PAYROLL ADMINISTRATION,Payroll Funding Accountant,50217,68234
422871,NYC HOUSING AUTHORITY,Assistant Project Manager,72063,122168
415764,NYC HOUSING AUTHORITY,"Vice President of Finance, Accounting and Investment Services",86346,187000
187049,NYC HOUSING AUTHORITY,HIGH PRESSURE PLANT TENDER,65458.8,65458.8
441444,DEPT OF HEALTH/MENTAL HYGIENE,"Laboratory Director for Quickie Laboratories, Public Health Laboratory",96772,130000
447547,DEPT OF HEALTH/MENTAL HYGIENE,"Associate Laboratory Microbiologist, Bureau of the Public Health Laboratory",59394,75600
457363,NYC HOUSING AUTHORITY,CARPENTER,53.58,53.58
457852,CULTURAL AFFAIRS,"Assistant Commissioner, Program Services",58700,132870
445338,DEPT OF INFO TECH & TELECOMM,Cyber Senior Threat Anaylst,0,120000
87990,DEPARTMENT OF BUSINESS SERV.,Account Manager,42405,65485
450998,DEPARTMENT OF INVESTIGATION,Investigator,45113,50000
458268,FINANCIAL INFO SVCS AGENCY,CONTENT PRODUCER,58839,75000
378814,NYC EMPLOYEES RETIREMENT SYS,COMPUTER SPECIALIST (SOFTWARE),89509,116126
450911,DEPT OF HEALTH/MENTAL HYGIENE,"Public Health Inspector, Food Safety and Community Sanitation",45722,52580
263674,NYC EMPLOYEES RETIREMENT SYS,COMPUTER SPECIALIST (SOFTWARE),79471,102388
234921,NYC EMPLOYEES RETIREMENT SYS,CERTIFIED IT ADMINISTRATOR (LAN/WAN),72260,98163
456655,DISTRICT ATTORNEY RICHMOND COU,Chief Detective Investigator,154500,154500
364880,CIVILIAN COMPLAINT REVIEW BD,Mediation Coordinator,39370,59300
425901,NYC HOUSING AUTHORITY,"Senior Estimator, General Construction",67757,98128
425901,NYC HOUSING AUTHORITY,"Senior Estimator, General Construction",67757,98128
450556,NYC HOUSING AUTHORITY,Senior Estimator (General,67757,98128
454951,DEPARTMENT OF CORRECTION,"Assistant Commissioner, Office of Equal Employment Opportunity",130000,150000
436852,FINANCIAL INFO SVCS AGENCY,DATA ARCHITECT,125000,132000
242175,ADMIN FOR CHILDREN'S SVCS,Supervising Budget Analyst Early Care &Education,61031,95022
399521,NYC HOUSING AUTHORITY,Associate Program Manager,37217,61936
440527,NYC EMPLOYEES RETIREMENT SYS,ADMINISTRATIVE MANAGEMENT AUDITOR,88936,223761
408047,FINANCIAL INFO SVCS AGENCY,STORAGE/BACKUP ADMINISTRATOR,75000,130000
457395,HOUSING PRESERVATION & DVLPMNT,Senior Project Lead,74650,85847
432810,TAXI & LIMOUSINE COMMISSION,Administrative Assistant to the Assistant Commissioner of Safety & Emissions,36390,58953
435571,DEPARTMENT OF INVESTIGATION,Data Analyst,53956,60558
420446,OFF OF PAYROLL ADMINISTRATION,Help Desk Level 1 Representative,38851,50000
387686,NYC EMPLOYEES RETIREMENT SYS,COMPUTER ASSOC (SOFTWARE),69618,96898
219112,NYC HOUSING AUTHORITY,MAINTENANCE WORKER,51907.68,54580.32
424454,DEPARTMENT OF CORRECTION,Desktop Support Technician,60550,69632
456735,TAXI & LIMOUSINE COMMISSION,Director of Safety & Emissions,54100,83981
435432,DEPT OF HEALTH/MENTAL HYGIENE,"WGS Core Scientist, Bureau of Public Health Laboratory",84468,101825.64
329763,NYC EMPLOYEES RETIREMENT SYS,ADMINISTRATIVE PROCUREMENT ANALYST,100000,125000
378703,NYC EMPLOYEES RETIREMENT SYS,CERTIFIED IT ADMINISTRATOR (LAN/WAN),82884,116391
454859,OFFICE OF THE COMPTROLLER,Timekeeping Associate,42000,52000
366589,ADMIN FOR CHILDREN'S SVCS,Agency Implementation and Support Program Evaluator,61850,76745
454437,OFFICE OF MANAGEMENT & BUDGET,Executive  Front Office Executive Operations Analyst,46856,62480
394703,LAW DEPARTMENT,CLAIM SPECIALIST Level 1,40275,64307
456510,NYC HOUSING AUTHORITY,Housing Development Construction Coordinator,74650,109409
456677,DEPARTMENT OF TRANSPORTATION,E-Scooter Pilot Manager,73294,107071
456751,TAXI & LIMOUSINE COMMISSION,Prosecuting Attorney,63228,96526
458109,NYC EMPLOYEES RETIREMENT SYS,AGENCY ATTORNEY,79620,117541
456655,DISTRICT ATTORNEY RICHMOND COU,Chief Detective Investigator,154500,154500
454063,DEPT OF ENVIRONMENT PROTECTION,Customer Service Representative,36390,58953
442583,DEPARTMENT OF PROBATION,Chief Information Officer,0,160000
339370,ADMIN FOR CHILDREN'S SVCS,Court Liaison Officer,51315,54720
170989,OFFICE OF COLLECTIVE BARGAININ,COLLEGE AIDE - CLERICAL,8.75,10.36
457678,NYC HOUSING AUTHORITY,Director Program & Portfolio Management,72038,192152
394470,NYC HOUSING AUTHORITY,Project Manager,55416,83151
445957,DEPT OF HEALTH/MENTAL HYGIENE,Chief of Health and Safety,84468,104909.04
420708,DEPARTMENT OF CORRECTION,Investigator,56473,56473
243640,ADMIN FOR CHILDREN'S SVCS,Juvenile Justice Trainer,53051,145991
436518,DEPARTMENT OF INVESTIGATION,Deputy Inspector General,63301,96820
266529,LAW DEPARTMENT,Student Legal Specialist,36270,41710
457395,HOUSING PRESERVATION & DVLPMNT,Senior Project Lead,74650,85847
453677,NYC EMPLOYEES RETIREMENT SYS,ADMINISTRATIVE MANAGEMENT AUDITOR,88936,223761
454862,OFFICE OF EMERGENCY MANAGEMENT,"DIRECTOR, HUMAN SERVICES",95000,124500
455282,DEPT OF YOUTH & COMM DEV SRVS,Staff Auditor,54100,83981
427345,LAW DEPARTMENT,Paralegal Aide,43197,60449
444520,DEPARTMENT OF INVESTIGATION,Director of Outreach,75000,96000
457777,OFFICE OF MANAGEMENT & BUDGET,Assistant Director  Citywide Grants,141766,208826
434506,DEPARTMENT OF INVESTIGATION,Investigative Auditor,50000,54446
434073,DEPT OF YOUTH & COMM DEV SRVS,Cornerstone Program Director,54643,100000
457769,NYC HOUSING AUTHORITY,Payment Analyst,41525,70428
454725,LAW DEPARTMENT,Deputy Chief of Fiscal,91313,91313
454725,LAW DEPARTMENT,Deputy Chief of Fiscal,91313,91313
427259,DEPT OF HEALTH/MENTAL HYGIENE,"Prevention Outreach Specialist, Center for Health Equity and Community Wellness/Bureau of Equitable Health Systems",54100,65000
455407,NYC EMPLOYEES RETIREMENT SYS,ADMINISTRATIVE STAFF ANALYST (NON-MANAGERIAL),62862,97873
352367,DEPT OF HEALTH/MENTAL HYGIENE,"Budget Analyst, Bureau of Budget and Revenue/Budget Administration",42288,59400
408047,FINANCIAL INFO SVCS AGENCY,STORAGE/BACKUP ADMINISTRATOR,75000,130000
443421,NYC HOUSING AUTHORITY,"PROJECT MANAGER, RESIDENT BUSINESS DEVELOPMENT",54100,83981
383142,DEPT OF HEALTH/MENTAL HYGIENE,"Chief Communications Officer, Office of the Commissioner",56990,125000
455507,POLICE DEPARTMENT,Police Administrative Aide,36390,55228
455794,DEPARTMENT OF INVESTIGATION,Data Analyst,55000,60000
455426,DEPT OF YOUTH & COMM DEV SRVS,Program Manager,60193,90704
435648,TAXI & LIMOUSINE COMMISSION,Programs Data Manager,54100,83981
456760,TAXI & LIMOUSINE COMMISSION,Prosecuting Attorney,62397,75760
373602,FINANCIAL INFO SVCS AGENCY,HR PAYROLL ANALYST,75000,115000
399783,LAW DEPARTMENT,Computer Associate (Technical Support) Level 3,68427,105094
385813,FINANCIAL INFO SVCS AGENCY,TIMEKEEPER,55590,75000
400178,DEPT OF HEALTH/MENTAL HYGIENE,"Assistant Commissioner, Alcohol and Drug Use Prevention, Care and Treatment",69940,186555
436844,TAXI & LIMOUSINE COMMISSION,Policy Analyst - Data,54100,83981
439200,HUMAN RIGHTS COMMISSION,Supervising Attorney-Discrimination in Housing & Public Accommodations,58700,95000
424739,DEPARTMENT OF CORRECTION,Infrastructure Project Manager,45,88.7549
386903,DEPT OF HEALTH/MENTAL HYGIENE,"Public Health Nurse, Bureau of School Health",40.79,40.79
361229,BUSINESS INTEGRITY COMMISSION,Salesforce Specialist,54643,85000
454356,DEPARTMENT OF TRANSPORTATION,CLIMBER & PRUNER,55806,69093
451985,NYC HOUSING AUTHORITY,Senior Compliance Manager,120000,135000
454813,DEPT OF HEALTH/MENTAL HYGIENE,"Public Health Inspector, Food Safety and Community Sanitation",45722,52580
441581,DEPARTMENT OF TRANSPORTATION,City Laborer,290,290
432997,HUMAN RIGHTS COMMISSION,Agency Attorney I - Early Intervention Unit,63228,72712
454177,ADMIN TRIALS AND HEARINGS,Administrative Law Judge,161195,161195
434704,DEPT OF HEALTH/MENTAL HYGIENE,"Field Doctor, Bureau of School Health",73.37,78.59
457369,OFFICE OF MANAGEMENT & BUDGET,Analyst  Health and Mental Hygiene (DOHMH),46856,62480
400178,DEPT OF HEALTH/MENTAL HYGIENE,"Assistant Commissioner, Alcohol and Drug Use Prevention, Care and Treatment",69940,186555
221045,NYC EMPLOYEES RETIREMENT SYS,CERTIFIED IT ADMINISTRATOR (WAN),89383,134914
442066,POLICE DEPARTMENT,Director of Technology Development,80931,208826
445338,DEPT OF INFO TECH & TELECOMM,Cyber Senior Threat Anaylst,0,120000
455914,DEPT OF INFO TECH & TELECOMM,"Director, Enterprise Unified Communications Engineering",58700,145000
425060,TAXI & LIMOUSINE COMMISSION,"Director, Project Management Office",110000,130000
455902,NYC HOUSING AUTHORITY,Deputy Communication Director,72038,192152
454777,DEPARTMENT OF INVESTIGATION,Deputy Inspector General,58700,101631
458099,NYC EMPLOYEES RETIREMENT SYS,AGENCY ATTORNEY,71423,107032
278063,NYC EMPLOYEES RETIREMENT SYS,COMPUTER SPECIALIST (SOFTWARE),76288,95077
440455,OFFICE OF EMERGENCY MANAGEMENT,DIRECTOR OF TRANSPORTATION & INFRASTRUCTURE,95000,124500
235793,LAW DEPARTMENT,Law Student,35213,40495
439196,HUMAN RIGHTS COMMISSION,Human Rights Specialist (Infoline),49371,56777
458093,OFFICE OF MANAGEMENT & BUDGET,Unit Head  Transportation,98388,108156
242091,DEPT OF HEALTH/MENTAL HYGIENE,"CATCH School Nurse,  Bureau of School Health/SH Reproductive Health",32.11,36.93
454746,DEPT OF HEALTH/MENTAL HYGIENE,"Public Health Inspector, Food Safety and Community Sanitation",45722,52580
423941,HUMAN RIGHTS COMMISSION,Agency Attorney I,63228,72712
457908,DEPT OF PARKS & RECREATION,Park Supervisor 1,72687,72687
285463,POLICE DEPARTMENT,"Deputy Director of Support and Special Services, M-II",60435,161497
424720,OFF OF PAYROLL ADMINISTRATION,Ordered Deductions Clerk,40017,62820
442430,DEPT OF HEALTH/MENTAL HYGIENE,"Assistant Commissioner, Bureau of IT Strategy and Project Management",80931,176778
457839,NYC EMPLOYEES RETIREMENT SYS,"CERTIFIED IT ADMINISTRATOR (LAN/WAN), LEVEL 2",85371,119883
434132,TAXI & LIMOUSINE COMMISSION,Senior Software Developer,92194,125000
436642,TAXI & LIMOUSINE COMMISSION,Applicant Licensing Specialist,36390,58953
456253,TAXI & LIMOUSINE COMMISSION,DRC Intake Specialist,38333,48491
450634,NYC HOUSING AUTHORITY,Project Manager,74650,109409
229124,DEPT OF HEALTH/MENTAL HYGIENE,"HIV Program Associate, Bureau of STD Prevention and Control",48900,69042
452968,LAW DEPARTMENT,Deputy Budget Chief,65731,97873
452968,LAW DEPARTMENT,Deputy Budget Chief,65731,97873
447904,OFFICE OF THE COMPTROLLER,IT and Security Auditor,65000,77250
246734,ADMIN FOR CHILDREN'S SVCS,Compliance Review Unit Supervisor,63817,95022
239551,ADMIN FOR CHILDREN'S SVCS,Asset Management Specialist,46405,67568
447680,OFFICE OF THE COMPTROLLER,"Court Representative, Litigation Division",70000,85000
456246,HOUSING PRESERVATION & DVLPMNT,Powerbuilder/.Net Programmer,81951,94244
457525,NYC HOUSING AUTHORITY,Deputy Director of the Fund for Public Housing,72038,100000
429687,NYC EMPLOYEES RETIREMENT SYS,AGENCY ATTORNEY,79620,117541
457764,DEPT OF ENVIRONMENT PROTECTION,In-House EHS Officer,74650,109409
312210,NYC EMPLOYEES RETIREMENT SYS,COMPUTER SYSTEMS MANAGER,54643,150371
167179,NYC EMPLOYEES RETIREMENT SYS,"CERTIFIED IT ADMINISTRATOR (WAN), Level 4",87203,131623
454813,DEPT OF HEALTH/MENTAL HYGIENE,"Public Health Inspector, Food Safety and Community Sanitation",45722,52580
427259,DEPT OF HEALTH/MENTAL HYGIENE,"Prevention Outreach Specialist, Center for Health Equity and Community Wellness/Bureau of Equitable Health Systems",54100,65000
456253,TAXI & LIMOUSINE COMMISSION,DRC Intake Specialist,38333,48491
233549,NYC EMPLOYEES RETIREMENT SYS,"CERTIFIED IT ADMINISTRATOR (LAN/WAN), LEVEL 4",87203,131623
356797,NYC HOUSING AUTHORITY,PROGRAM MANAGER,50362,78177
447659,OFFICE OF THE COMPTROLLER,Investment Officer - Infrastructure,110000,133900
446463,NYC HOUSING AUTHORITY,Exterminator,33558,54820
422871,NYC HOUSING AUTHORITY,Assistant Project Manager,72063,122168
455564,OFFICE OF THE COMPTROLLER,Legal Secretary- Litigation Division,42000,50000
197941,DEPT OF HEALTH/MENTAL HYGIENE,Public Health Nurse (School Health),32.11,36.93
239551,ADMIN FOR CHILDREN'S SVCS,Asset Management Specialist,46405,67568
399781,LAW DEPARTMENT,Staff Analyst Level 2,58152,74479
376356,LAW DEPARTMENT,Clerical Associate- Appeals,35330,40629
376356,LAW DEPARTMENT,Clerical Associate- Appeals,35330,40629
425060,TAXI & LIMOUSINE COMMISSION,"Director, Project Management Office",110000,130000
387572,DEPARTMENT OF CORRECTION,DIRECTOR OF DATA ANALYTICS AND RESEARCH,91537,105268
458285,OFFICE OF THE COMPTROLLER,Investment Officer- Public Equity,110000,133900
437377,TAXI & LIMOUSINE COMMISSION,Project Manager,58700,100000
239204,ADMIN FOR CHILDREN'S SVCS,Child Welfare Analyst,68239,85644
445416,OFFICE OF THE COMPTROLLER,Senior Investment Analyst- Fixed Income,80000,95000
430191,NYC HOUSING AUTHORITY,Structural Engineer,80557,111917
452591,DEPT OF HEALTH/MENTAL HYGIENE,"Laboratory Microbiologist, Bureau of the Public Health Laboratory",52902,68040
443060,NYC HOUSING AUTHORITY,ASSISTANT RESIDENT BUILDING SUPT,48219,73849
346246,NYC HOUSING AUTHORITY,Admin Housing Dev Specialist for LHD EVP,49990,136023
439541,DEPT OF HEALTH/MENTAL HYGIENE,Public Health Inspector,45722,52580
442360,DEPARTMENT OF TRANSPORTATION,Diversity Specialist,54100,83981
434222,NYC EMPLOYEES RETIREMENT SYS,COMPUTER SYSTEMS MANAGER,106729,241434
416232,DEPT OF HEALTH/MENTAL HYGIENE,"Principal Administrative Associate, Bureau of Environmental Disease and Injury Prevention/Healthy Homes Program",49390,61341.84
239052,ADMIN FOR CHILDREN'S SVCS,Child Welfare Trainer,48895,75900
373929,NYC HOUSING AUTHORITY,PLASTERER,44.82,44.82
457774,NYC HOUSING AUTHORITY,Assistant Landscape Architect,57078,85646
384305,DEPARTMENT OF CORRECTION,Technical Project Manager,100000,120000
439792,DEPARTMENT OF INVESTIGATION,Inspector General,120000,144626
441298,NYC HOUSING AUTHORITY,Scheduler,74650,109409
441992,HUMAN RIGHTS COMMISSION,Chief of Staff,58700,161534
405753,HUMAN RIGHTS COMMISSION,Discriminatory Harassment Investigator,47933,55123
408148,LAW DEPARTMENT,Computer Aide Level 2,43111,63969
433470,TAXI & LIMOUSINE COMMISSION,Operations Analyst,54100,66000
394730,NYC HOUSING AUTHORITY,Lead Abatement Worker,45484,52307
436159,OFF OF PAYROLL ADMINISTRATION,Junior Business Analyst,90000,105000
439885,DEPT OF HEALTH/MENTAL HYGIENE,"HEAT Health Navigator,  Health Promotion of Justice Impacted Populations",54100,62215
443091,DEPT OF ENVIRONMENT PROTECTION,"SECTION MANAGER, ELECTRICAL",72038,192152
453182,DEPT OF HEALTH/MENTAL HYGIENE,Regional Mass Fatality Management Coordinator,58152,65000
456741,TAXI & LIMOUSINE COMMISSION,Assistant Commissioner of Enforcement,140000,160000
287169,POLICE DEPARTMENT,"Director, Central Records Division",67060,178873
248047,LAW DEPARTMENT,Computer Associate,60189,83440
434939,DISTRICT ATTORNEY RICHMOND COU,Assistant District Attorney - Criminal Court,0,69616
435648,TAXI & LIMOUSINE COMMISSION,Programs Data Manager,54100,83981
457776,OFFICE OF MANAGEMENT & BUDGET,Analyst  Reporting and Applications Development,62480,70291
457905,NYC HOUSING AUTHORITY,Strategic Operations Analyst,54100,83981
439196,HUMAN RIGHTS COMMISSION,Human Rights Specialist (Infoline),49371,56777
416232,DEPT OF HEALTH/MENTAL HYGIENE,"Principal Administrative Associate, Bureau of Environmental Disease and Injury Prevention/Healthy Homes Program",49390,61341.84
456705,CONSUMER AFFAIRS,Executive Agency Counsel,80931,128871
432393,DEPARTMENT OF CORRECTION,EXTERMINATOR,34027,47967
440495,OFFICE OF EMERGENCY MANAGEMENT,MITIGATION PROGRAM MANAGER,65000,79500
455069,HOUSING PRESERVATION & DVLPMNT,Quality Assurance Analyst,85371,98177
455951,HRA/DEPT OF SOCIAL SERVICES,STAFF NURSE,82071,82071
429953,TAXI & LIMOUSINE COMMISSION,Administrative Assistant to the Deputy Commissioner for Uniformed Services Bureau,38333,63794
435615,FINANCIAL INFO SVCS AGENCY,DATA CENTER COMPUTER ASSOCIATE,58918,74652
455879,NYC HOUSING AUTHORITY,Press Secretary,37846,59848
453712,NYC HOUSING AUTHORITY,Program Manager for Energy Policy,74650,109409
457680,NYC HOUSING AUTHORITY,"Manager, Project Management Office/Deputy Director",64922,173486
293033,NYC HOUSING AUTHORITY,Deputy Press Secretary,60000,75000
432978,HUMAN RIGHTS COMMISSION,Agency Attorney 2,71423,82137
426767,TAXI & LIMOUSINE COMMISSION,Driver Assistance Center Intake Specialist,38333,60000
442498,NYC HOUSING AUTHORITY,Analysis and Reporting Administrator,60435,161497
372246,DEPT OF HEALTH/MENTAL HYGIENE,Contracts Officer,56981,93904
450631,DEPT OF INFO TECH & TELECOMM,"Manager, Data Center Operations",58700,125000
421783,HUMAN RIGHTS COMMISSION,Agency Attorney 1,63228,72712
167179,NYC EMPLOYEES RETIREMENT SYS,"CERTIFIED IT ADMINISTRATOR (WAN), Level 4",87203,131623
424241,TAXI & LIMOUSINE COMMISSION,Base-Business Licensing Specialist,32850,40799
283075,NYC HOUSING AUTHORITY,PLASTERER (HOUSING AUTH-40 HRS,44.82,44.82
421214,NYC HOUSING AUTHORITY,Elevator Oversight Team Specialist,61010,87009
456003,HRA/DEPT OF SOCIAL SERVICES,REVENUE PROJECT ANALYST,62862,97873
436316,TAXI & LIMOUSINE COMMISSION,Radio Room Operator,21.9436,29.5665
457084,HOUSING PRESERVATION & DVLPMNT,Executive Director of Homeownership Initiatives,110000,120000
424356,FINANCIAL INFO SVCS AGENCY,Windows Technical Project Manager,120000,150000
455248,NYC HOUSING AUTHORITY,CONFIDENTIAL INVESTIGATOR,45113,64693
272382,DEPT OF ENVIRONMENT PROTECTION,ASSOCIATE PUBLIC HEALTH SANITARIAN II,60673,91795
404892,FINANCIAL INFO SVCS AGENCY,LINUX SYSTEMS ADMINISTRATOR,75000,130000
457808,NYC EMPLOYEES RETIREMENT SYS,CERTIFIED IT ADMINISTRATOR (LAN/WAN),81951,111330
343755,DEPT OF HEALTH/MENTAL HYGIENE,"Central Office Supervising Nurse, Bureau of School Health/SH Nursing Services & Prof Dev",78429,78429
442165,DEPT OF ENVIRONMENT PROTECTION,Stationary Engineer (Electric),501.92,501.92
442165,DEPT OF ENVIRONMENT PROTECTION,Stationary Engineer (Electric),501.92,501.92
447547,DEPT OF HEALTH/MENTAL HYGIENE,"Associate Laboratory Microbiologist, Bureau of the Public Health Laboratory",59394,75600
457678,NYC HOUSING AUTHORITY,Director Program & Portfolio Management,72038,192152
439139,DEPARTMENT OF CORRECTION,Agency Attorney,71423,91563
431077,FINANCIAL INFO SVCS AGENCY,TECH SUPPORT/SCHEDULER,75000,90000
435432,DEPT OF HEALTH/MENTAL HYGIENE,"WGS Core Scientist, Bureau of Public Health Laboratory",84468,101825.64
411308,LAW DEPARTMENT,Network Administrator,89509,102935
415764,NYC HOUSING AUTHORITY,"Vice President of Finance, Accounting and Investment Services",86346,187000
443207,DEPT OF ENVIRONMENT PROTECTION,In-House EHS Officer,74650,109409
234203,ADMIN FOR CHILDREN'S SVCS,Business and Data Analyst Manager,63817,95022
457622,DEPT OF INFO TECH & TELECOMM,Deputy CISO - Urban Technology,88936,220000
445528,OFFICE OF THE COMPTROLLER,"Group Head, Public Markets Middle Office",85000,95000
457682,CONSUMER AFFAIRS,Legal Staff Associate,45428,52242
434879,TAXI & LIMOUSINE COMMISSION,Data Analyst,54100,83981
455027,DEPT OF ENVIRONMENT PROTECTION,Continuous Improvement Manager,60435,161497
439885,DEPT OF HEALTH/MENTAL HYGIENE,"HEAT Health Navigator,  Health Promotion of Justice Impacted Populations",54100,62215
348560,ADMIN FOR CHILDREN'S SVCS,Eligibility Coordinator / Adoption Liaison,49390,59183
386903,DEPT OF HEALTH/MENTAL HYGIENE,"Public Health Nurse, Bureau of School Health",40.79,40.79
395999,LAW DEPARTMENT,Certified IT Developer (Applications) Level 3,89509,126575
395999,LAW DEPARTMENT,Certified IT Developer (Applications) Level 3,89509,126575
447637,OFFICE OF THE COMPTROLLER,Senior Financial Reporting Investment Analyst,80000,95000
458259,OFFICE OF THE COMPTROLLER,Specialized Contract Analyst,50000,65000
428252,TAXI & LIMOUSINE COMMISSION,Deputy Commissioner of Policy,155000,205000
447659,OFFICE OF THE COMPTROLLER,Investment Officer - Infrastructure,110000,133900
440091,DEPARTMENT FOR THE AGING,Aging Specialist (Per-Diem),29.6114,34.0531
424241,TAXI & LIMOUSINE COMMISSION,Base-Business Licensing Specialist,32850,40799
424677,FINANCIAL INFO SVCS AGENCY,WEB APPLICATION DEVELOPER,75000,110000
457950,NYC EMPLOYEES RETIREMENT SYS,ASSISTANT RETIREMENT BENEFITS,22.6541,30.5632
426527,DEPARTMENT OF CORRECTION,Payroll Analyst,50078,57590
266542,NYC EMPLOYEES RETIREMENT SYS,COMPUTER SYSTEMS MANAGER,54643,150371
401486,CIVILIAN COMPLAINT REVIEW BD,Communications Director,56990,156829
456422,HRA/DEPT OF SOCIAL SERVICES,SQL/DATA WAREHOUSING SPECIALIST,76584,112111
445754,NYC HOUSING AUTHORITY,Vice President for Operation Support Services,88936,223761
457685,NYC HOUSING AUTHORITY,SUPERVISOR,62475,78345
237576,ADMIN FOR CHILDREN'S SVCS,Deputy Budget Director,58675,156793
454703,DEPT OF HEALTH/MENTAL HYGIENE,"Laboratory Microbiologist, Bureau of the Public Health Laboratory",52902,68040
379094,NYC EMPLOYEES RETIREMENT SYS,CERTIFIED IT DEVELOPER (APPLICATIONS),82884,116391
426961,TAXI & LIMOUSINE COMMISSION,Prosecuting Attorney,62397,75760
457844,NYC HOUSING AUTHORITY,Assistant Electrical Engineer,57078,85646
457654,NYC HOUSING AUTHORITY,Electrician's Helper,38.74,38.74
242604,POLICE DEPARTMENT,Civilian Investigator,37492,59863
450911,DEPT OF HEALTH/MENTAL HYGIENE,"Public Health Inspector, Food Safety and Community Sanitation",45722,52580
243419,LAW DEPARTMENT,Senior Windows Administrator,77157,99406
451985,NYC HOUSING AUTHORITY,Senior Compliance Manager,120000,135000
367653,DEPT OF HEALTH/MENTAL HYGIENE,Software Developer,64657,74356
454859,OFFICE OF THE COMPTROLLER,Timekeeping Associate,42000,52000
440497,OFFICE OF EMERGENCY MANAGEMENT,DIRECTOR OF HAZARD MITIGATION,95000,124500
429940,TAXI & LIMOUSINE COMMISSION,"Call Center, Correspondence, and Lost Property Agent",38333,63794
237576,ADMIN FOR CHILDREN'S SVCS,Deputy Budget Director,58675,156793
424727,OFF OF PAYROLL ADMINISTRATION,Transit Benefit Clerk,40017,62820
434506,DEPARTMENT OF INVESTIGATION,Investigative Auditor,50000,54446
458093,OFFICE OF MANAGEMENT & BUDGET,Unit Head  Transportation,98388,108156
457366,OFFICE OF MANAGEMENT & BUDGET,Analyst  Intergovernmental Relations,46856,70291
241003,ADMIN FOR CHILDREN'S SVCS,Directory Services Support,60189,83440
457658,LAW DEPARTMENT,Deputy Commissioner/General Counsel,130000,130000
431033,HUMAN RIGHTS COMMISSION,Program & Policy Specialist for Racial and Restorative Justice,58449,67216
455454,DEPT OF HEALTH/MENTAL HYGIENE,"Public Health Inspector, Food Safety and Community Sanitation",45722,52580
457363,NYC HOUSING AUTHORITY,CARPENTER,53.58,53.58
455454,DEPT OF HEALTH/MENTAL HYGIENE,"Public Health Inspector, Food Safety and Community Sanitation",45722,52580
427477,TAXI & LIMOUSINE COMMISSION,IT Technical Support,47797,69595
433426,DEPT OF YOUTH & COMM DEV SRVS,Capacity Building Specialist,60193,83000
407253,ADMIN FOR CHILDREN'S SVCS,Assistant Commissioner,78574,156375
401852,NYC EMPLOYEES RETIREMENT SYS,COMPUTER SPECIALIST (SOFTWARE),82884,106786
457043,NYC HOUSING AUTHORITY,Chief Privacy Officer,58700,130000
458110,OFFICE OF THE COMPTROLLER,Chief Risk Officer,250000,265000
443448,MAYORS OFFICE OF CONTRACT SVCS,"Deputy CTO/Associate Director, Enterprise Data Solutions",130000,165000
457777,OFFICE OF MANAGEMENT & BUDGET,Assistant Director  Citywide Grants,141766,208826
447637,OFFICE OF THE COMPTROLLER,Senior Financial Reporting Investment Analyst,80000,95000
456709,TEACHERS RETIREMENT SYSTEM,Operational Process Manager,72038,100000
376405,NYC HOUSING AUTHORITY,Assistant Director for LHD Budget & Personnel,58675,156793
230490,LAW DEPARTMENT,Computer Associate,55556,82776
443203,DEPT OF ENVIRONMENT PROTECTION,In-House EHS Officer,74650,109409
456030,OFFICE OF MANAGEMENT & BUDGET,Senior/Supervising Analyst  Cash Flow and Expense Budget Analysis,70291,79428
239204,ADMIN FOR CHILDREN'S SVCS,Child Welfare Analyst,68239,85644
455319,DEPT OF YOUTH & COMM DEV SRVS,Program Manager,60193,90704
237577,ADMIN FOR CHILDREN'S SVCS,Senior Budget Analyst,63817,95022
455952,HRA/DEPT OF SOCIAL SERVICES,STAFF NURSE,82071,82071
435308,TAXI & LIMOUSINE COMMISSION,Assistant FOIL Officer,38333,63794
450675,HRA/DEPT OF SOCIAL SERVICES,ASSISTANT GENERAL COUNSEL,64922,100000
441444,DEPT OF HEALTH/MENTAL HYGIENE,"Laboratory Director for Quickie Laboratories, Public Health Laboratory",96772,130000
397814,NYC HOUSING AUTHORITY,Quality Assurance Specialist L1,42857,60810
431077,FINANCIAL INFO SVCS AGENCY,TECH SUPPORT/SCHEDULER,75000,90000
456301,CONSUMER AFFAIRS,Assistant General Counsel,79620,91563
295648,POLICE DEPARTMENT,Civilianization Manager,54643,150371
425381,TAXI & LIMOUSINE COMMISSION,Programs Data Manager,62862,78000
239048,ADMIN FOR CHILDREN'S SVCS,APA Foster Care Program Evaluator,60049,89008
456089,DEPT OF YOUTH & COMM DEV SRVS,Program Manager,54100,80000
432201,DEPARTMENT OF CORRECTION,Software Support Analyst,81951,94244
457481,OFFICE OF MANAGEMENT & BUDGET,Analyst  PARKS,46856,70291
387572,DEPARTMENT OF CORRECTION,DIRECTOR OF DATA ANALYTICS AND RESEARCH,91537,105268
272382,DEPT OF ENVIRONMENT PROTECTION,ASSOCIATE PUBLIC HEALTH SANITARIAN II,60673,91795
453153,DEPARTMENT OF INVESTIGATION,Deputy Inspector General,63301,101631
436518,DEPARTMENT OF INVESTIGATION,Deputy Inspector General,63301,96820
452100,OFFICE OF MANAGEMENT & BUDGET,Analyst  HEALTH + HOSPITALS,36812,84395
456837,TAXI & LIMOUSINE COMMISSION,Operations Analyst,58152,74479
426216,FINANCIAL INFO SVCS AGENCY,PEOPLESOFT DEVELOPER,75000,115000
229124,DEPT OF HEALTH/MENTAL HYGIENE,"HIV Program Associate, Bureau of STD Prevention and Control",48900,69042
183500,LAW DEPARTMENT,Facilities Central Supervisor,32086,51981
447673,OFFICE OF THE COMPTROLLER,IT Security Specialist - Security Audits (2 positions),75000,90000
455903,DEPARTMENT OF CORRECTION,Director of Legislative Affairs,83158,95632
431051,DEPARTMENT OF INVESTIGATION,Confidential Investigator,45113,56500
440633,TAXI & LIMOUSINE COMMISSION,Assistant Commissioner for Licensing & Standards,100000,131000
456094,NYC HOUSING AUTHORITY,ELECTRICIAN,61.05,61.05
446847,DEPARTMENT OF TRANSPORTATION,Director of Expense Budget,64922,173486
396434,NYC HOUSING AUTHORITY,Thermostat Repairer,52.79,52.79
457400,DEPARTMENT OF PROBATION,Human Resources Specialist,36390,58953
278063,NYC EMPLOYEES RETIREMENT SYS,COMPUTER SPECIALIST (SOFTWARE),76288,95077
445416,OFFICE OF THE COMPTROLLER,Senior Investment Analyst- Fixed Income,80000,95000
404892,FINANCIAL INFO SVCS AGENCY,LINUX SYSTEMS ADMINISTRATOR,75000,130000
454557,DEPT OF HEALTH/MENTAL HYGIENE,"Public Health Nurse, Bureau of School Health",42.01,42.01
440839,NYC HOUSING AUTHORITY,Architectural Reviewer,67757,98128
372195,DEPT OF HEALTH/MENTAL HYGIENE,Procurement Analyst,39304,65360
379096,NYC EMPLOYEES RETIREMENT SYS,COMPUTER SPECIALIST (SOFTWARE),89509,116126
384945,DEPT OF YOUTH & COMM DEV SRVS,Senior Program Manager,58440,70000
357845,DEPT OF HEALTH/MENTAL HYGIENE,"Supervising Public Health Nurse, Bureau of School Health/SH Nursing Services & Prof Dev",78429,78429
456045,DEPT OF YOUTH & COMM DEV SRVS,Budget Analyst,54100,83981
457648,DEPARTMENT OF BUILDINGS,Assistant Construction Inspector,45217,52000
187049,NYC HOUSING AUTHORITY,HIGH PRESSURE PLANT TENDER,65458.8,65458.8
266542,NYC EMPLOYEES RETIREMENT SYS,COMPUTER SYSTEMS MANAGER,54643,150371
450499,POLICE DEPARTMENT,Principal Administrative Associate - Level I,46037,67439
457693,CONSUMER AFFAIRS,Press Secretary,54100,80000
239052,ADMIN FOR CHILDREN'S SVCS,Child Welfare Trainer,48895,75900
425693,LAW DEPARTMENT,Clerical Associate Part Time,19.9179,22.9053
424963,DEPT OF YOUTH & COMM DEV SRVS,"Special Advisor to the Director, Neighborhood Development Areas (NDA) Initiative",80931,103000
443203,DEPT OF ENVIRONMENT PROTECTION,In-House EHS Officer,74650,109409
456401,DEPT OF ENVIRONMENT PROTECTION,Chief of Upstate Water System Capital Design Program,125000,160000
397814,NYC HOUSING AUTHORITY,Quality Assurance Specialist L1,42857,60810
389883,DEPARTMENT OF CITY PLANNING,Human Capital Summer College Intern,17.5,17.5
242175,ADMIN FOR CHILDREN'S SVCS,Supervising Budget Analyst Early Care &Education,61031,95022
334590,LAW DEPARTMENT,ASSISTANT CORPORATION COUNSEL,68494,68494
457682,CONSUMER AFFAIRS,Legal Staff Associate,45428,52242
431051,DEPARTMENT OF INVESTIGATION,Confidential Investigator,45113,56500
456698,DISTRICT ATTORNEY KINGS COUNTY,SENIOR RACKETS INVESTIGATOR,61413,87787
457087,CONSUMER AFFAIRS,Deputy Director of Consumer Services,58700,80000
457481,OFFICE OF MANAGEMENT & BUDGET,Analyst  PARKS,46856,70291
427472,DEPARTMENT OF INVESTIGATION,Investigator,50000,55055
456254,TAXI & LIMOUSINE COMMISSION,DRC Program Manager,54100,83981
447661,OFFICE OF THE COMPTROLLER,Senior Contract Analyst,65000,75000
432396,TAXI & LIMOUSINE COMMISSION,Vehicle Licensing Specialist,38333,63794
458012,TEACHERS RETIREMENT SYSTEM,Operations Analyst,58700,100000
456095,OFFICE OF MANAGEMENT & BUDGET,Analyst  FINANCING POLICY & COORDINATION,46856,84395
440920,TAXI & LIMOUSINE COMMISSION,Deputy Chief USB Training Academy,72038,100000
312210,NYC EMPLOYEES RETIREMENT SYS,COMPUTER SYSTEMS MANAGER,54643,150371
450553,DEPARTMENT OF CORRECTION,Chaplain (Jewish) (Part-Time),27.9267,32.1155
421692,TAXI & LIMOUSINE COMMISSION,Prosecuting Attorney,62397,71757
453712,NYC HOUSING AUTHORITY,Program Manager for Energy Policy,74650,109409
457183,OFF OF PAYROLL ADMINISTRATION,W-2 Associate,40017,62820
426216,FINANCIAL INFO SVCS AGENCY,PEOPLESOFT DEVELOPER,75000,115000
458106,NYC HOUSING AUTHORITY,Urban/Architectural Designer,74650,109409
457833,CONSUMER AFFAIRS,Assistant Director of Mediation,58695,67499
436844,TAXI & LIMOUSINE COMMISSION,Policy Analyst - Data,54100,83981
242174,ADMIN FOR CHILDREN'S SVCS,Policy Writer,57005,87027
440497,OFFICE OF EMERGENCY MANAGEMENT,DIRECTOR OF HAZARD MITIGATION,95000,124500
427885,TAXI & LIMOUSINE COMMISSION,Taxi and Limousine Inspector - Enforcement,45658,45658
453677,NYC EMPLOYEES RETIREMENT SYS,ADMINISTRATIVE MANAGEMENT AUDITOR,88936,223761
268307,DEPT OF HEALTH/MENTAL HYGIENE,Human Resources Administrative Assistant,30580,35098
268307,DEPT OF HEALTH/MENTAL HYGIENE,Human Resources Administrative Assistant,30580,35098
455975,FINANCIAL INFO SVCS AGENCY,TECH SUPPORT/SCHEDULER,61594,90000
347444,LAW DEPARTMENT,Designated Felony Assistant Corporation Counsel,79079,94092
446535,DEPT OF HEALTH/MENTAL HYGIENE,"Deputy Commissioner, Center for Health Equity & Community Wellness (CHECW)",97830,231974
453042,OFFICE OF MANAGEMENT & BUDGET,Unit Head / Deputy Assistant Director  Capital Program Scope Development (CPSD),98388,192152
447677,OFFICE OF THE COMPTROLLER,Claims Manager - Law Claims (Non-Tort),58700,65000
457773,OFFICE OF MANAGEMENT & BUDGET,Analyst  Housing,62480,70291
424645,OFF OF PAYROLL ADMINISTRATION,Union Services Associate,49390,71794
432199,DEPARTMENT OF CORRECTION,SharePoint Developer,85371,98177
432810,TAXI & LIMOUSINE COMMISSION,Administrative Assistant to the Assistant Commissioner of Safety & Emissions,36390,58953
441015,DEPARTMENT OF TRANSPORTATION,Deputy General Counsel,88936,223761
457875,NYC EMPLOYEES RETIREMENT SYS,COMPUTER SYSTEMS MANAGER,72038,192152
447680,OFFICE OF THE COMPTROLLER,"Court Representative, Litigation Division",70000,85000
441278,BOARD OF CORRECTION,Director of Information Technology,120000,150000
445754,NYC HOUSING AUTHORITY,Vice President for Operation Support Services,88936,223761
428423,DEPT OF HEALTH/MENTAL HYGIENE,IT Product Support,100000,103000
432041,ADMIN FOR CHILDREN'S SVCS,"Deputy Commissioner, Child and Family Well-Being",106729,230000
420619,LAW DEPARTMENT,Deputy Unit Chief - Brooklyn Central Services,59305,59305
448351,NYC HOUSING AUTHORITY,Accountant,65000,89610
424990,DEPARTMENT OF INVESTIGATION,Confidential Investigator,50000,55000
457775,OFFICE OF MANAGEMENT & BUDGET,Analyst  DevOPS and Application Development,62480,70291
457764,DEPT OF ENVIRONMENT PROTECTION,In-House EHS Officer,74650,109409
456308,TAXI & LIMOUSINE COMMISSION,Deputy Commissioner of Policy,155000,234199
221045,NYC EMPLOYEES RETIREMENT SYS,CERTIFIED IT ADMINISTRATOR (WAN),89383,134914
427420,LAW DEPARTMENT,Facilities Building Custodian,35314,39905
440455,OFFICE OF EMERGENCY MANAGEMENT,DIRECTOR OF TRANSPORTATION & INFRASTRUCTURE,95000,124500
420423,NYC EMPLOYEES RETIREMENT SYS,Certified IT Administrator (LAN/WAN) Level II,82884,95317
443163,NYC HOUSING AUTHORITY,ELEVATOR MECHANIC HELPER,31,31
457073,CONSUMER AFFAIRS,Mediator and Intake Specialist,45428,52242
458300,OFFICE OF THE COMPTROLLER,Director - Diversity & Inclusion and EMERGING MANAGER STRATEGY,120000,140000
292969,POLICE DEPARTMENT,"Bookkeeper, Level III",43473,63386
396829,HOUSING PRESERVATION & DVLPMNT,Deputy Director of Continued Occupancy,72476,83347
390540,LAW DEPARTMENT,Deputy Chief of Facilities - Services,65731,75591
424377,TAXI & LIMOUSINE COMMISSION,Analyst - Business Practices Accountability Unit,54100,83981
451116,FINANCIAL INFO SVCS AGENCY,DIRECTOR  DATA CENTER OPERATIONS,100000,160000
416466,NYC HOUSING AUTHORITY,Field Inspector,55416,83151
457347,TAXI & LIMOUSINE COMMISSION,Digital Communications Specialist,56148,79283
431312,TAXI & LIMOUSINE COMMISSION,Prosecuting Attorney,62397,75760
456434,HRA/DEPT OF SOCIAL SERVICES,SAN STORAGE ADMINISTRATOR,92194,130372
455334,DEPT OF ENVIRONMENT PROTECTION,BFF Program Lead,60435,161497
423749,NYC HOUSING AUTHORITY,Senior Compliance Advisor,58700,161534
443091,DEPT OF ENVIRONMENT PROTECTION,"SECTION MANAGER, ELECTRICAL",72038,192152
451443,NYC HOUSING AUTHORITY,Financial Liaison,56013,84862
442498,NYC HOUSING AUTHORITY,Analysis and Reporting Administrator,60435,161497
458306,DEPARTMENT OF BUILDINGS,Assistant General Counsel,79620,91563
336342,DEPT OF HEALTH/MENTAL HYGIENE,Criminalist III,76516,76516
429687,NYC EMPLOYEES RETIREMENT SYS,AGENCY ATTORNEY,79620,117541
437211,DEPT OF HEALTH/MENTAL HYGIENE,"City Custodial Assistant, Bureau of Operations",15.4502,17.6796
384305,DEPARTMENT OF CORRECTION,Technical Project Manager,100000,120000
380943,NYC HOUSING AUTHORITY,CARETAKER J,29636,43079
441298,NYC HOUSING AUTHORITY,Scheduler,74650,109409
366783,DEPT OF HEALTH/MENTAL HYGIENE,Asset Management Specialist,39797,45766
440839,NYC HOUSING AUTHORITY,Architectural Reviewer,67757,98128
440527,NYC EMPLOYEES RETIREMENT SYS,ADMINISTRATIVE MANAGEMENT AUDITOR,88936,223761
428423,DEPT OF HEALTH/MENTAL HYGIENE,IT Product Support,100000,103000
434222,NYC EMPLOYEES RETIREMENT SYS,COMPUTER SYSTEMS MANAGER,106729,241434
285308,DEPT OF ENVIRONMENT PROTECTION,IT Support Technician,47692,69493
440823,NYC HOUSING AUTHORITY,Senior Project Manager,74650,109409
441706,TAXI & LIMOUSINE COMMISSION,General Counsel/Deputy Commissioner for Legal Affairs,97830,229000
424377,TAXI & LIMOUSINE COMMISSION,Analyst - Business Practices Accountability Unit,54100,83981
457773,OFFICE OF MANAGEMENT & BUDGET,Analyst  Housing,62480,70291
377102,DEPT OF HEALTH/MENTAL HYGIENE,A-Team Supervisor,54638,62834
371590,LAW DEPARTMENT,Computer Associate,64657,89634
456326,ADMIN TRIALS AND HEARINGS,Clerical Associate,32850,37777
431234,TAXI & LIMOUSINE COMMISSION,Driver Services Agent,38333,63794
426746,FINANCIAL INFO SVCS AGENCY,PEOPLESOFT ADMINISTRATOR,75000,125000
427420,LAW DEPARTMENT,Facilities Building Custodian,35314,39905
421214,NYC HOUSING AUTHORITY,Elevator Oversight Team Specialist,61010,87009
456095,OFFICE OF MANAGEMENT & BUDGET,Analyst  FINANCING POLICY & COORDINATION,46856,84395
456434,HRA/DEPT OF SOCIAL SERVICES,SAN STORAGE ADMINISTRATOR,92194,130372
443734,DEPARTMENT OF TRANSPORTATION,Marine Oiler,53526,61555
185056,LAW DEPARTMENT,Paralegal Aide,38089,53300
435571,DEPARTMENT OF INVESTIGATION,Data Analyst,53956,60558
457043,NYC HOUSING AUTHORITY,Chief Privacy Officer,58700,130000
457950,NYC EMPLOYEES RETIREMENT SYS,ASSISTANT RETIREMENT BENEFITS,22.6541,30.5632
340435,DEPT OF HEALTH/MENTAL HYGIENE,"Supervising Health Nurse, Bureau of School Health/SH Nursing Services & Prof Dev",73576,73576
246734,ADMIN FOR CHILDREN'S SVCS,Compliance Review Unit Supervisor,63817,95022
458064,NYC HOUSING AUTHORITY,Deputy Director Records Management,72038,192152
456030,OFFICE OF MANAGEMENT & BUDGET,Senior/Supervising Analyst  Cash Flow and Expense Budget Analysis,70291,79428
395833,ADMIN FOR CHILDREN'S SVCS,CoQI Facilitator,65429,81571
454356,DEPARTMENT OF TRANSPORTATION,CLIMBER & PRUNER,55806,69093
439200,HUMAN RIGHTS COMMISSION,Supervising Attorney-Discrimination in Housing & Public Accommodations,58700,95000
97899,DEPARTMENT OF BUSINESS SERV.,"EXECUTIVE DIRECTOR, BUSINESS DEVELOPMENT",60740,162014
450675,HRA/DEPT OF SOCIAL SERVICES,ASSISTANT GENERAL COUNSEL,64922,100000
456398,OFFICE OF MANAGEMENT & BUDGET,Analyst  Program and Policy,46856,84395
455902,NYC HOUSING AUTHORITY,Deputy Communication Director,72038,192152
456730,CONSUMER AFFAIRS,Staff Counsel,71423,82137
346491,DEPT OF HEALTH/MENTAL HYGIENE,Motor Vehicle Operator,37200,46476
454815,DEPT OF HEALTH/MENTAL HYGIENE,"Public Health Inspector, Food Safety and Community Sanitation",45722,52580
454777,DEPARTMENT OF INVESTIGATION,Deputy Inspector General,58700,101631
441687,OFFICE OF EMERGENCY MANAGEMENT,DIRECTOR OF FINANCIAL RECOVERY & COMPLIANCE,95000,124500
457461,HOUSING PRESERVATION & DVLPMNT,GIS Analyst,85371,98177
447677,OFFICE OF THE COMPTROLLER,Claims Manager - Law Claims (Non-Tort),58700,65000
457774,NYC HOUSING AUTHORITY,Assistant Landscape Architect,57078,85646
187714,ADMIN FOR CHILDREN'S SVCS,Network Engineer I LAN/WAN,72260,98163
454555,DEPT OF HEALTH/MENTAL HYGIENE,Junior Public Health Nurse - Bureau of School Health/SH Nursing Services & Prof Dev,41.69,41.69
391317,LAW DEPARTMENT,Agency Security Director,94392,94392
391317,LAW DEPARTMENT,Agency Security Director,94392,94392
375114,DEPT OF HEALTH/MENTAL HYGIENE,Communications Specialist,39170,39170
456700,DISTRICT ATTORNEY KINGS COUNTY,SUPV. RACKETS INVESTIGATOR - MANAGERIAL ASSIGNMENT,58700,161534
427477,TAXI & LIMOUSINE COMMISSION,IT Technical Support,47797,69595
243816,ADMIN FOR CHILDREN'S SVCS,IT Infrastructure Project Manager,74066,92308
442559,NYC HOUSING AUTHORITY,CARETAKER X (HA),30909,44930
242174,ADMIN FOR CHILDREN'S SVCS,Policy Writer,57005,87027
456308,TAXI & LIMOUSINE COMMISSION,Deputy Commissioner of Policy,155000,234199
454815,DEPT OF HEALTH/MENTAL HYGIENE,"Public Health Inspector, Food Safety and Community Sanitation",45722,52580
379095,NYC EMPLOYEES RETIREMENT SYS,COMPUTER SPECIALIST (SOFTWARE),79564,99161
421124,TAXI & LIMOUSINE COMMISSION,Program Data Analyst,54100,62215
381492,NYC HOUSING AUTHORITY,Community Associate,52000,61936
373929,NYC HOUSING AUTHORITY,PLASTERER,44.82,44.82
439342,NYC EMPLOYEES RETIREMENT SYS,COMPUTER SPECIALIST (SOFTWARE),98901,136951
441695,DEPT OF ENVIRONMENT PROTECTION,Project Manager,49328,56727
457935,DEPT OF PARKS & RECREATION,Chief Data Officer,107000,117000
450648,DEPARTMENT OF SANITATION,AGENCY ATTORNEY III,79620,117541
457772,OFFICE OF MANAGEMENT & BUDGET,Analyst  ECONOMIC DEVELOPMENT,46856,70291
435615,FINANCIAL INFO SVCS AGENCY,DATA CENTER COMPUTER ASSOCIATE,58918,74652
456699,DISTRICT ATTORNEY KINGS COUNTY,SUPV. RACKETS INVESTIGATOR,64649,90541
448112,DEPT OF INFO TECH & TELECOMM,Cyber Associate Security Engineer,54281,77250
436199,NYC HOUSING AUTHORITY,CONSRUCTION FIELD SUPERVISOR,72063,122168
456511,DISTRICT ATTORNEY RICHMOND COU,Senior Detective Investigator,72957,73026
443734,DEPARTMENT OF TRANSPORTATION,Marine Oiler,53526,61555
451443,NYC HOUSING AUTHORITY,Financial Liaison,56013,84862
316149,NYC HOUSING AUTHORITY,Construction Safety and Quality Inspector,67083,113725
248047,LAW DEPARTMENT,Computer Associate,60189,83440
376405,NYC HOUSING AUTHORITY,Assistant Director for LHD Budget & Personnel,58675,156793
446206,OFFICE OF THE COMPTROLLER,Account Management Analyst,49000,60000
424739,DEPARTMENT OF CORRECTION,Infrastructure Project Manager,45,88.7549
455481,TAXI & LIMOUSINE COMMISSION,Operations Analyst,54100,62215
437377,TAXI & LIMOUSINE COMMISSION,Project Manager,58700,100000
452591,DEPT OF HEALTH/MENTAL HYGIENE,"Laboratory Microbiologist, Bureau of the Public Health Laboratory",52902,68040
394703,LAW DEPARTMENT,CLAIM SPECIALIST Level 1,40275,64307
440920,TAXI & LIMOUSINE COMMISSION,Deputy Chief USB Training Academy,72038,100000
457692,NYC HOUSING AUTHORITY,Community Associate,63794,63794
454555,DEPT OF HEALTH/MENTAL HYGIENE,Junior Public Health Nurse - Bureau of School Health/SH Nursing Services & Prof Dev,41.69,41.69
396829,HOUSING PRESERVATION & DVLPMNT,Deputy Director of Continued Occupancy,72476,83347
455975,FINANCIAL INFO SVCS AGENCY,TECH SUPPORT/SCHEDULER,61594,90000
132292,NYC HOUSING AUTHORITY,Maintenance Worker - Technical Services-Heating Unit,51907.68,54580.32
329763,NYC EMPLOYEES RETIREMENT SYS,ADMINISTRATIVE PROCUREMENT ANALYST,100000,125000
457956,TEACHERS RETIREMENT SYSTEM,Contact Center Manager,80931,110000
458211,HRA/DEPT OF SOCIAL SERVICES,"REGIONAL MANAGER, BROOKLYN REGION",77688,121500
424227,FINANCIAL INFO SVCS AGENCY,Web Application Developer,100000,105000
454862,OFFICE OF EMERGENCY MANAGEMENT,"DIRECTOR, HUMAN SERVICES",95000,124500
433470,TAXI & LIMOUSINE COMMISSION,Operations Analyst,54100,66000
403516,BUSINESS INTEGRITY COMMISSION,Executive Agency Counsel,90000,100000
389467,NYC HOUSING AUTHORITY,DEPUTY DIRECTOR -  Strategic Initiatives &Analysis,56990,156829
456596,ADMIN FOR CHILDREN'S SVCS,Child Care Manager,58700,100521
435593,DEPARTMENT OF CORRECTION,Policy Analyst,54100,62215
439357,DEPT OF HEALTH/MENTAL HYGIENE,"Java Developer, Bureau of Application Development and Database Administration",75000,94244
432396,TAXI & LIMOUSINE COMMISSION,Vehicle Licensing Specialist,38333,63794
448516,OFFICE OF THE COMPTROLLER,SIO- Public Equity,160000,175000
241003,ADMIN FOR CHILDREN'S SVCS,Directory Services Support,60189,83440
446903,DEPARTMENT FOR THE AGING,"Deputy Director, Press & Public Information",63301,75000
457654,NYC HOUSING AUTHORITY,Electrician's Helper,38.74,38.74
455702,CONSUMER AFFAIRS,Staff Counsel,71423,82137
428507,DEPT OF HEALTH/MENTAL HYGIENE,"Triage Supervisor, Bureau of Health Promotion of Justice Impacted Populations",73027,90000
433913,DEPT OF INFO TECH & TELECOMM,Director of Cyber Policy,0,160000
352087,NYC EMPLOYEES RETIREMENT SYS,ASSOCIATE STAFF ANALYST,65731,80000
352367,DEPT OF HEALTH/MENTAL HYGIENE,"Budget Analyst, Bureau of Budget and Revenue/Budget Administration",42288,59400
420767,DEPARTMENT OF INVESTIGATION,Confidential Investigator,53956,60353
432222,TAXI & LIMOUSINE COMMISSION,Office Manager,54638,67800
457772,OFFICE OF MANAGEMENT & BUDGET,Analyst  ECONOMIC DEVELOPMENT,46856,70291
456735,TAXI & LIMOUSINE COMMISSION,Director of Safety & Emissions,54100,83981
415211,DEPARTMENT OF CORRECTION,Data Analyst,73305,84301
269889,POLICE DEPARTMENT,"Quality Assurance Manager, Crime Scene Unit, M-II",60435,161497
427844,DEPT OF HEALTH/MENTAL HYGIENE,"NFP Home Nurse Visitor,  Bureau of Maternal Infant and Reproductive Health",88780,88780
175362,DEPT OF HEALTH/MENTAL HYGIENE,"Clerical Associate, Bureau of Vital Statistics",32086,51981
456151,DEPT OF HEALTH/MENTAL HYGIENE,"Citywide Assistance Team Coordinator,  Bureau of Mental Health",60132,82086
441706,TAXI & LIMOUSINE COMMISSION,General Counsel/Deputy Commissioner for Legal Affairs,97830,229000
457648,DEPARTMENT OF BUILDINGS,Assistant Construction Inspector,45217,52000
390805,LAW DEPARTMENT,"Deputy Chief of Facilities, Supplies & Technical Support",65731,75591
403522,BUSINESS INTEGRITY COMMISSION,Agency Attorney,70000,80000
424469,DEPARTMENT OF CORRECTION,Voice Communication Specialist,81951,94244
458117,OFFICE OF THE COMPTROLLER,Lead - Public Markets,65000,75000
396434,NYC HOUSING AUTHORITY,Thermostat Repairer,52.79,52.79
230974,ADMIN FOR CHILDREN'S SVCS,Best Practices Coach,66000,89008
456678,DEPARTMENT OF TRANSPORTATION,E-Scooter Pilot Manager,74650,109409
379095,NYC EMPLOYEES RETIREMENT SYS,COMPUTER SPECIALIST (SOFTWARE),79564,99161
424572,HUMAN RIGHTS COMMISSION,Procurement & Compliance Analyst,54100,80000
457587,CONSUMER AFFAIRS,Vending Operations Manager,58695,67499
432222,TAXI & LIMOUSINE COMMISSION,Office Manager,54638,67800
247403,LAW DEPARTMENT,Office Manager,32888,53281
393911,DEPARTMENT OF CORRECTION,"Director, Borough Based Jail System",100000,110000
401852,NYC EMPLOYEES RETIREMENT SYS,COMPUTER SPECIALIST (SOFTWARE),82884,106786
455254,HOUSING PRESERVATION & DVLPMNT,Release Associate,73358,84362
457593,DEPT OF INFO TECH & TELECOMM,Cyber Command Personnel Analyst,65731,80000
356797,NYC HOUSING AUTHORITY,PROGRAM MANAGER,50362,78177
456254,TAXI & LIMOUSINE COMMISSION,DRC Program Manager,54100,83981
458131,DISTRICT ATTORNEY KINGS COUNTY,Senior Digital Forensic Analyst,84468,111003
452100,OFFICE OF MANAGEMENT & BUDGET,Analyst  HEALTH + HOSPITALS,36812,84395
291589,POLICE DEPARTMENT,Associate Staff Analyst,65731,97873
457693,CONSUMER AFFAIRS,Press Secretary,54100,80000
455976,HRA/DEPT OF SOCIAL SERVICES,"BUDGET DIRECTOR, PROGRAM OPERATIONS",60435,161497
451475,NYC HOUSING AUTHORITY,AGENCY ATTORNEY 03,79620,117541
408527,LAW DEPARTMENT,Quality Assurance / Technical Litigation Support Analyst,50078,57590
456018,NYC HOUSING AUTHORITY,Community Planner,74650,109409
334590,LAW DEPARTMENT,ASSISTANT CORPORATION COUNSEL,68494,68494
387686,NYC EMPLOYEES RETIREMENT SYS,COMPUTER ASSOC (SOFTWARE),69618,96898
199170,DEPT OF HEALTH/MENTAL HYGIENE,"Public Health Advisor, Bureau of Sexually Transmitted Diseases Prevention and Control",41452,52821
457825,NYC HOUSING AUTHORITY,Assistant Mechanical Engineer,57078,85646
450634,NYC HOUSING AUTHORITY,Project Manager,74650,109409
453669,DEPT OF ENVIRONMENT PROTECTION,Clerical Associate,36390,58953
362424,DEPT OF HEALTH/MENTAL HYGIENE,"Executive Director, Health Policy, Bureau of Primary Care Access & Planning",90084,130939
440244,NYC HOUSING AUTHORITY,Senior Writer,79620,110000
454746,DEPT OF HEALTH/MENTAL HYGIENE,"Public Health Inspector, Food Safety and Community Sanitation",45722,52580
263674,NYC EMPLOYEES RETIREMENT SYS,COMPUTER SPECIALIST (SOFTWARE),79471,102388
447673,OFFICE OF THE COMPTROLLER,IT Security Specialist - Security Audits (2 positions),75000,90000
427878,TAXI & LIMOUSINE COMMISSION,Analyst - Business Practices Accountability Unit,54100,68000
349030,DEPARTMENT OF PROBATION,Buyer,38534,65360
385235,LAW DEPARTMENT,MEDICOLEGAL ANALYST,61950,81801
436863,TAXI & LIMOUSINE COMMISSION,Policy Analyst  - Data and Technology,54100,83981
398096,NYC HOUSING AUTHORITY,MAINTENANCE WORKER,27.58,29
439609,DEPT OF YOUTH & COMM DEV SRVS,Program Manager,51132,78966